Date,Hour,Location,Vehicle_Count,Avg_Speed,Congestion_Level,Day,Day_Name,Day_of_Week,Month,Is_Weekend,Time_Period,Traffic_Category,Is_Peak_Hour
2026-01-01,0,Junction_A,259,51,High,1,Thursday,3,1,False,Night,High,True
2026-01-01,0,Junction_B,300,53,High,1,Thursday,3,1,False,Night,High,True
2026-01-01,0,Junction_C,100,42,Low,1,Thursday,3,1,False,Night,Low,False
2026-01-01,1,Junction_A,128,42,Low,1,Thursday,3,1,False,Night,Low,False
2026-01-01,1,Junction_B,238,57,High,1,Thursday,3,1,False,Night,High,True
2026-01-01,1,Junction_C,170,10,Medium,1,Thursday,3,1,False,Night,Medium,False
2026-01-01,2,Junction_A,189,25,Medium,1,Thursday,3,1,False,Night,Medium,False
2026-01-01,2,Junction_B,137,38,Low,1,Thursday,3,1,False,Night,Medium,False
2026-01-01,2,Junction_C,289,26,High,1,Thursday,3,1,False,Night,High,True
2026-01-01,3,Junction_A,121,17,Low,1,Thursday,3,1,False,Night,Low,False
2026-01-01,3,Junction_B,248,10,High,1,Thursday,3,1,False,Night,High,True
2026-01-01,3,Junction_C,202,54,Medium,1,Thursday,3,1,False,Night,Medium,False
2026-01-01,4,Junction_A,105,25,Low,1,Thursday,3,1,False,Night,Low,False
2026-01-01,4,Junction_B,107,29,Low,1,Thursday,3,1,False,Night,Low,False
2026-01-01,4,Junction_C,264,28,High,1,Thursday,3,1,False,Night,High,True
2026-01-01,5,Junction_A,92,55,Low,1,Thursday,3,1,False,Night,Low,False
2026-01-01,5,Junction_B,164,12,Medium,1,Thursday,3,1,False,Night,Medium,False
2026-01-01,5,Junction_C,189,13,Medium,1,Thursday,3,1,False,Night,Medium,False
2026-01-01,6,Junction_A,248,30,High,1,Thursday,3,1,False,Morning,High,True
2026-01-01,6,Junction_B,211,42,Medium,1,Thursday,3,1,False,Morning,Medium,False
2026-01-01,6,Junction_C,253,13,High,1,Thursday,3,1,False,Morning,High,True
2026-01-01,7,Junction_A,181,28,Medium,1,Thursday,3,1,False,Morning,Medium,False
2026-01-01,7,Junction_B,72,58,Low,1,Thursday,3,1,False,Morning,Low,False
2026-01-01,7,Junction_C,289,43,High,1,Thursday,3,1,False,Morning,High,True
2026-01-01,8,Junction_A,142,20,Medium,1,Thursday,3,1,False,Morning,Medium,False
2026-01-01,8,Junction_B,50,34,Low,1,Thursday,3,1,False,Morning,Low,False
2026-01-01,8,Junction_C,112,36,Low,1,Thursday,3,1,False,Morning,Low,False
2026-01-01,9,Junction_A,182,29,Medium,1,Thursday,3,1,False,Morning,Medium,False
2026-01-01,9,Junction_B,199,59,Medium,1,Thursday,3,1,False,Morning,Medium,False
2026-01-01,9,Junction_C,140,60,Low,1,Thursday,3,1,False,Morning,Medium,False
2026-01-01,10,Junction_A,82,18,Low,1,Thursday,3,1,False,Morning,Low,False
2026-01-01,10,Junction_B,177,58,Medium,1,Thursday,3,1,False,Morning,Medium,False
2026-01-01,10,Junction_C,122,32,Low,1,Thursday,3,1,False,Morning,Low,False
2026-01-01,11,Junction_A,291,58,High,1,Thursday,3,1,False,Morning,High,True
2026-01-01,11,Junction_B,111,43,Low,1,Thursday,3,1,False,Morning,Low,False
2026-01-01,11,Junction_C,282,21,High,1,Thursday,3,1,False,Morning,High,True
2026-01-01,12,Junction_A,226,11,High,1,Thursday,3,1,False,Afternoon,High,False
2026-01-01,12,Junction_B,128,22,Low,1,Thursday,3,1,False,Afternoon,Low,False
2026-01-01,12,Junction_C,199,20,Medium,1,Thursday,3,1,False,Afternoon,Medium,False
2026-01-01,13,Junction_A,77,52,Low,1,Thursday,3,1,False,Afternoon,Low,False
2026-01-01,13,Junction_B,103,37,Low,1,Thursday,3,1,False,Afternoon,Low,False
2026-01-01,13,Junction_C,234,12,High,1,Thursday,3,1,False,Afternoon,High,False
2026-01-01,14,Junction_A,133,25,Low,1,Thursday,3,1,False,Afternoon,Medium,False
2026-01-01,14,Junction_B,241,44,High,1,Thursday,3,1,False,Afternoon,High,True
2026-01-01,14,Junction_C,128,20,Low,1,Thursday,3,1,False,Afternoon,Low,False
2026-01-01,15,Junction_A,267,53,High,1,Thursday,3,1,False,Afternoon,High,True
2026-01-01,15,Junction_B,257,36,High,1,Thursday,3,1,False,Afternoon,High,True
2026-01-01,15,Junction_C,59,28,Low,1,Thursday,3,1,False,Afternoon,Low,False
2026-01-01,16,Junction_A,198,46,Medium,1,Thursday,3,1,False,Afternoon,Medium,False
2026-01-01,16,Junction_B,118,39,Low,1,Thursday,3,1,False,Afternoon,Low,False
2026-01-01,16,Junction_C,100,34,Low,1,Thursday,3,1,False,Afternoon,Low,False
2026-01-01,17,Junction_A,296,31,High,1,Thursday,3,1,False,Evening,High,True
2026-01-01,17,Junction_B,51,26,Low,1,Thursday,3,1,False,Evening,Low,False
2026-01-01,17,Junction_C,76,11,Low,1,Thursday,3,1,False,Evening,Low,False
2026-01-01,18,Junction_A,298,29,High,1,Thursday,3,1,False,Evening,High,True
2026-01-01,18,Junction_B,196,24,Medium,1,Thursday,3,1,False,Evening,Medium,False
2026-01-01,18,Junction_C,54,58,Low,1,Thursday,3,1,False,Evening,Low,False
2026-01-01,19,Junction_A,161,22,Medium,1,Thursday,3,1,False,Evening,Medium,False
2026-01-01,19,Junction_B,144,34,Medium,1,Thursday,3,1,False,Evening,Medium,False
2026-01-01,19,Junction_C,96,35,Low,1,Thursday,3,1,False,Evening,Low,False
2026-01-01,20,Junction_A,242,51,High,1,Thursday,3,1,False,Evening,High,True
2026-01-01,20,Junction_B,152,43,Medium,1,Thursday,3,1,False,Evening,Medium,False
2026-01-01,20,Junction_C,158,24,Medium,1,Thursday,3,1,False,Evening,Medium,False
2026-01-01,21,Junction_A,290,55,High,1,Thursday,3,1,False,Night,High,True
2026-01-01,21,Junction_B,224,17,High,1,Thursday,3,1,False,Night,High,False
2026-01-01,21,Junction_C,66,36,Low,1,Thursday,3,1,False,Night,Low,False
2026-01-01,22,Junction_A,194,30,Medium,1,Thursday,3,1,False,Night,Medium,False
2026-01-01,22,Junction_B,270,54,High,1,Thursday,3,1,False,Night,High,True
2026-01-01,22,Junction_C,232,42,High,1,Thursday,3,1,False,Night,High,False
2026-01-01,23,Junction_A,53,55,Low,1,Thursday,3,1,False,Night,Low,False
2026-01-01,23,Junction_B,194,59,Medium,1,Thursday,3,1,False,Night,Medium,False
2026-01-01,23,Junction_C,183,58,Medium,1,Thursday,3,1,False,Night,Medium,False
2026-01-02,0,Junction_A,279,28,High,2,Friday,4,1,False,Night,High,True
2026-01-02,0,Junction_B,138,27,Low,2,Friday,4,1,False,Night,Medium,False
2026-01-02,0,Junction_C,165,38,Medium,2,Friday,4,1,False,Night,Medium,False
2026-01-02,1,Junction_A,134,53,Low,2,Friday,4,1,False,Night,Medium,False
2026-01-02,1,Junction_B,57,60,Low,2,Friday,4,1,False,Night,Low,False
2026-01-02,1,Junction_C,169,50,Medium,2,Friday,4,1,False,Night,Medium,False
2026-01-02,2,Junction_A,181,15,Medium,2,Friday,4,1,False,Night,Medium,False
2026-01-02,2,Junction_B,50,28,Low,2,Friday,4,1,False,Night,Low,False
2026-01-02,2,Junction_C,125,28,Low,2,Friday,4,1,False,Night,Low,False
2026-01-02,3,Junction_A,176,27,Medium,2,Friday,4,1,False,Night,Medium,False
2026-01-02,3,Junction_B,295,12,High,2,Friday,4,1,False,Night,High,True
2026-01-02,3,Junction_C,256,37,High,2,Friday,4,1,False,Night,High,True
2026-01-02,4,Junction_A,184,23,Medium,2,Friday,4,1,False,Night,Medium,False
2026-01-02,4,Junction_B,63,29,Low,2,Friday,4,1,False,Night,Low,False
2026-01-02,4,Junction_C,222,32,High,2,Friday,4,1,False,Night,High,False
2026-01-02,5,Junction_A,180,54,Medium,2,Friday,4,1,False,Night,Medium,False
2026-01-02,5,Junction_B,63,57,Low,2,Friday,4,1,False,Night,Low,False
2026-01-02,5,Junction_C,74,57,Low,2,Friday,4,1,False,Night,Low,False
2026-01-02,6,Junction_A,253,13,High,2,Friday,4,1,False,Morning,High,True
2026-01-02,6,Junction_B,71,38,Low,2,Friday,4,1,False,Morning,Low,False
2026-01-02,6,Junction_C,237,36,High,2,Friday,4,1,False,Morning,High,True
2026-01-02,7,Junction_A,116,23,Low,2,Friday,4,1,False,Morning,Low,False
2026-01-02,7,Junction_B,150,55,Medium,2,Friday,4,1,False,Morning,Medium,False
2026-01-02,7,Junction_C,162,30,Medium,2,Friday,4,1,False,Morning,Medium,False
2026-01-02,8,Junction_A,223,27,High,2,Friday,4,1,False,Morning,High,False
2026-01-02,8,Junction_B,272,21,High,2,Friday,4,1,False,Morning,High,True
2026-01-02,8,Junction_C,214,38,Medium,2,Friday,4,1,False,Morning,High,False
2026-01-02,9,Junction_A,117,19,Low,2,Friday,4,1,False,Morning,Low,False
2026-01-02,9,Junction_B,120,30,Low,2,Friday,4,1,False,Morning,Low,False
2026-01-02,9,Junction_C,216,28,Medium,2,Friday,4,1,False,Morning,High,False
2026-01-02,10,Junction_A,196,53,Medium,2,Friday,4,1,False,Morning,Medium,False
2026-01-02,10,Junction_B,252,34,High,2,Friday,4,1,False,Morning,High,True
2026-01-02,10,Junction_C,80,43,Low,2,Friday,4,1,False,Morning,Low,False
2026-01-02,11,Junction_A,299,32,High,2,Friday,4,1,False,Morning,High,True
2026-01-02,11,Junction_B,94,34,Low,2,Friday,4,1,False,Morning,Low,False
2026-01-02,11,Junction_C,210,54,Medium,2,Friday,4,1,False,Morning,Medium,False
2026-01-02,12,Junction_A,284,34,High,2,Friday,4,1,False,Afternoon,High,True
2026-01-02,12,Junction_B,91,22,Low,2,Friday,4,1,False,Afternoon,Low,False
2026-01-02,12,Junction_C,104,51,Low,2,Friday,4,1,False,Afternoon,Low,False
2026-01-02,13,Junction_A,216,25,Medium,2,Friday,4,1,False,Afternoon,High,False
2026-01-02,13,Junction_B,193,45,Medium,2,Friday,4,1,False,Afternoon,Medium,False
2026-01-02,13,Junction_C,177,16,Medium,2,Friday,4,1,False,Afternoon,Medium,False
2026-01-02,14,Junction_A,124,23,Low,2,Friday,4,1,False,Afternoon,Low,False
2026-01-02,14,Junction_B,99,19,Low,2,Friday,4,1,False,Afternoon,Low,False
2026-01-02,14,Junction_C,69,48,Low,2,Friday,4,1,False,Afternoon,Low,False
2026-01-02,15,Junction_A,80,37,Low,2,Friday,4,1,False,Afternoon,Low,False
2026-01-02,15,Junction_B,89,38,Low,2,Friday,4,1,False,Afternoon,Low,False
2026-01-02,15,Junction_C,242,11,High,2,Friday,4,1,False,Afternoon,High,True
2026-01-02,16,Junction_A,112,52,Low,2,Friday,4,1,False,Afternoon,Low,False
2026-01-02,16,Junction_B,255,29,High,2,Friday,4,1,False,Afternoon,High,True
2026-01-02,16,Junction_C,82,32,Low,2,Friday,4,1,False,Afternoon,Low,False
2026-01-02,17,Junction_A,265,43,High,2,Friday,4,1,False,Evening,High,True
2026-01-02,17,Junction_B,93,17,Low,2,Friday,4,1,False,Evening,Low,False
2026-01-02,17,Junction_C,255,15,High,2,Friday,4,1,False,Evening,High,True
2026-01-02,18,Junction_A,222,13,High,2,Friday,4,1,False,Evening,High,False
2026-01-02,18,Junction_B,222,49,High,2,Friday,4,1,False,Evening,High,False
2026-01-02,18,Junction_C,132,55,Low,2,Friday,4,1,False,Evening,Low,False
2026-01-02,19,Junction_A,244,58,High,2,Friday,4,1,False,Evening,High,True
2026-01-02,19,Junction_B,280,29,High,2,Friday,4,1,False,Evening,High,True
2026-01-02,19,Junction_C,285,19,High,2,Friday,4,1,False,Evening,High,True
2026-01-02,20,Junction_A,116,18,Low,2,Friday,4,1,False,Evening,Low,False
2026-01-02,20,Junction_B,210,30,Medium,2,Friday,4,1,False,Evening,Medium,False
2026-01-02,20,Junction_C,115,60,Low,2,Friday,4,1,False,Evening,Low,False
2026-01-02,21,Junction_A,231,29,High,2,Friday,4,1,False,Night,High,False
2026-01-02,21,Junction_B,83,21,Low,2,Friday,4,1,False,Night,Low,False
2026-01-02,21,Junction_C,228,13,High,2,Friday,4,1,False,Night,High,False
2026-01-02,22,Junction_A,272,33,High,2,Friday,4,1,False,Night,High,True
2026-01-02,22,Junction_B,70,33,Low,2,Friday,4,1,False,Night,Low,False
2026-01-02,22,Junction_C,187,42,Medium,2,Friday,4,1,False,Night,Medium,False
2026-01-02,23,Junction_A,123,21,Low,2,Friday,4,1,False,Night,Low,False
2026-01-02,23,Junction_B,190,52,Medium,2,Friday,4,1,False,Night,Medium,False
2026-01-02,23,Junction_C,241,58,High,2,Friday,4,1,False,Night,High,True
2026-01-03,0,Junction_A,122,55,Low,3,Saturday,5,1,True,Night,Low,False
2026-01-03,0,Junction_B,192,37,Medium,3,Saturday,5,1,True,Night,Medium,False
2026-01-03,0,Junction_C,90,44,Low,3,Saturday,5,1,True,Night,Low,False
2026-01-03,1,Junction_A,206,49,Medium,3,Saturday,5,1,True,Night,Medium,False
2026-01-03,1,Junction_B,50,42,Low,3,Saturday,5,1,True,Night,Low,False
2026-01-03,1,Junction_C,218,51,Medium,3,Saturday,5,1,True,Night,High,False
2026-01-03,2,Junction_A,106,14,Low,3,Saturday,5,1,True,Night,Low,False
2026-01-03,2,Junction_B,118,59,Low,3,Saturday,5,1,True,Night,Low,False
2026-01-03,2,Junction_C,159,18,Medium,3,Saturday,5,1,True,Night,Medium,False
2026-01-03,3,Junction_A,62,35,Low,3,Saturday,5,1,True,Night,Low,False
2026-01-03,3,Junction_B,51,18,Low,3,Saturday,5,1,True,Night,Low,False
2026-01-03,3,Junction_C,196,35,Medium,3,Saturday,5,1,True,Night,Medium,False
2026-01-03,4,Junction_A,212,15,Medium,3,Saturday,5,1,True,Night,Medium,False
2026-01-03,4,Junction_B,251,56,High,3,Saturday,5,1,True,Night,High,True
2026-01-03,4,Junction_C,160,22,Medium,3,Saturday,5,1,True,Night,Medium,False
2026-01-03,5,Junction_A,165,55,Medium,3,Saturday,5,1,True,Night,Medium,False
2026-01-03,5,Junction_B,60,17,Low,3,Saturday,5,1,True,Night,Low,False
2026-01-03,5,Junction_C,77,55,Low,3,Saturday,5,1,True,Night,Low,False
2026-01-03,6,Junction_A,77,12,Low,3,Saturday,5,1,True,Morning,Low,False
2026-01-03,6,Junction_B,84,22,Low,3,Saturday,5,1,True,Morning,Low,False
2026-01-03,6,Junction_C,266,54,High,3,Saturday,5,1,True,Morning,High,True
2026-01-03,7,Junction_A,294,39,High,3,Saturday,5,1,True,Morning,High,True
2026-01-03,7,Junction_B,124,45,Low,3,Saturday,5,1,True,Morning,Low,False
2026-01-03,7,Junction_C,104,37,Low,3,Saturday,5,1,True,Morning,Low,False
2026-01-03,8,Junction_A,280,33,High,3,Saturday,5,1,True,Morning,High,True
2026-01-03,8,Junction_B,62,23,Low,3,Saturday,5,1,True,Morning,Low,False
2026-01-03,8,Junction_C,203,18,Medium,3,Saturday,5,1,True,Morning,Medium,False
2026-01-03,9,Junction_A,155,47,Medium,3,Saturday,5,1,True,Morning,Medium,False
2026-01-03,9,Junction_B,131,48,Low,3,Saturday,5,1,True,Morning,Low,False
2026-01-03,9,Junction_C,225,55,High,3,Saturday,5,1,True,Morning,High,False
2026-01-03,10,Junction_A,213,60,Medium,3,Saturday,5,1,True,Morning,Medium,False
2026-01-03,10,Junction_B,140,44,Low,3,Saturday,5,1,True,Morning,Medium,False
2026-01-03,10,Junction_C,193,44,Medium,3,Saturday,5,1,True,Morning,Medium,False
2026-01-03,11,Junction_A,186,48,Medium,3,Saturday,5,1,True,Morning,Medium,False
2026-01-03,11,Junction_B,71,22,Low,3,Saturday,5,1,True,Morning,Low,False
2026-01-03,11,Junction_C,163,23,Medium,3,Saturday,5,1,True,Morning,Medium,False
2026-01-03,12,Junction_A,270,21,High,3,Saturday,5,1,True,Afternoon,High,True
2026-01-03,12,Junction_B,291,13,High,3,Saturday,5,1,True,Afternoon,High,True
2026-01-03,12,Junction_C,275,56,High,3,Saturday,5,1,True,Afternoon,High,True
2026-01-03,13,Junction_A,270,49,High,3,Saturday,5,1,True,Afternoon,High,True
2026-01-03,13,Junction_B,220,27,Medium,3,Saturday,5,1,True,Afternoon,High,False
2026-01-03,13,Junction_C,224,55,High,3,Saturday,5,1,True,Afternoon,High,False
2026-01-03,14,Junction_A,73,14,Low,3,Saturday,5,1,True,Afternoon,Low,False
2026-01-03,14,Junction_B,114,28,Low,3,Saturday,5,1,True,Afternoon,Low,False
2026-01-03,14,Junction_C,138,56,Low,3,Saturday,5,1,True,Afternoon,Medium,False
2026-01-03,15,Junction_A,203,45,Medium,3,Saturday,5,1,True,Afternoon,Medium,False
2026-01-03,15,Junction_B,231,25,High,3,Saturday,5,1,True,Afternoon,High,False
2026-01-03,15,Junction_C,154,27,Medium,3,Saturday,5,1,True,Afternoon,Medium,False
2026-01-03,16,Junction_A,67,37,Low,3,Saturday,5,1,True,Afternoon,Low,False
2026-01-03,16,Junction_B,147,32,Medium,3,Saturday,5,1,True,Afternoon,Medium,False
2026-01-03,16,Junction_C,270,58,High,3,Saturday,5,1,True,Afternoon,High,True
2026-01-03,17,Junction_A,85,35,Low,3,Saturday,5,1,True,Evening,Low,False
2026-01-03,17,Junction_B,60,53,Low,3,Saturday,5,1,True,Evening,Low,False
2026-01-03,17,Junction_C,122,18,Low,3,Saturday,5,1,True,Evening,Low,False
2026-01-03,18,Junction_A,213,34,Medium,3,Saturday,5,1,True,Evening,Medium,False
2026-01-03,18,Junction_B,185,24,Medium,3,Saturday,5,1,True,Evening,Medium,False
2026-01-03,18,Junction_C,174,27,Medium,3,Saturday,5,1,True,Evening,Medium,False
2026-01-03,19,Junction_A,251,11,High,3,Saturday,5,1,True,Evening,High,True
2026-01-03,19,Junction_B,115,14,Low,3,Saturday,5,1,True,Evening,Low,False
2026-01-03,19,Junction_C,75,53,Low,3,Saturday,5,1,True,Evening,Low,False
2026-01-03,20,Junction_A,208,55,Medium,3,Saturday,5,1,True,Evening,Medium,False
2026-01-03,20,Junction_B,223,13,High,3,Saturday,5,1,True,Evening,High,False
2026-01-03,20,Junction_C,268,59,High,3,Saturday,5,1,True,Evening,High,True
2026-01-03,21,Junction_A,261,14,High,3,Saturday,5,1,True,Night,High,True
2026-01-03,21,Junction_B,273,17,High,3,Saturday,5,1,True,Night,High,True
2026-01-03,21,Junction_C,263,59,High,3,Saturday,5,1,True,Night,High,True
2026-01-03,22,Junction_A,225,29,High,3,Saturday,5,1,True,Night,High,False
2026-01-03,22,Junction_B,260,51,High,3,Saturday,5,1,True,Night,High,True
2026-01-03,22,Junction_C,141,14,Medium,3,Saturday,5,1,True,Night,Medium,False
2026-01-03,23,Junction_A,152,43,Medium,3,Saturday,5,1,True,Night,Medium,False
2026-01-03,23,Junction_B,192,26,Medium,3,Saturday,5,1,True,Night,Medium,False
2026-01-03,23,Junction_C,186,22,Medium,3,Saturday,5,1,True,Night,Medium,False
2026-01-04,0,Junction_A,184,34,Medium,4,Sunday,6,1,True,Night,Medium,False
2026-01-04,0,Junction_B,118,10,Low,4,Sunday,6,1,True,Night,Low,False
2026-01-04,0,Junction_C,172,54,Medium,4,Sunday,6,1,True,Night,Medium,False
2026-01-04,1,Junction_A,159,34,Medium,4,Sunday,6,1,True,Night,Medium,False
2026-01-04,1,Junction_B,253,59,High,4,Sunday,6,1,True,Night,High,True
2026-01-04,1,Junction_C,235,25,High,4,Sunday,6,1,True,Night,High,True
2026-01-04,2,Junction_A,201,41,Medium,4,Sunday,6,1,True,Night,Medium,False
2026-01-04,2,Junction_B,290,27,High,4,Sunday,6,1,True,Night,High,True
2026-01-04,2,Junction_C,168,53,Medium,4,Sunday,6,1,True,Night,Medium,False
2026-01-04,3,Junction_A,219,26,Medium,4,Sunday,6,1,True,Night,High,False
2026-01-04,3,Junction_B,284,56,High,4,Sunday,6,1,True,Night,High,True
2026-01-04,3,Junction_C,213,22,Medium,4,Sunday,6,1,True,Night,Medium,False
2026-01-04,4,Junction_A,77,40,Low,4,Sunday,6,1,True,Night,Low,False
2026-01-04,4,Junction_B,73,22,Low,4,Sunday,6,1,True,Night,Low,False
2026-01-04,4,Junction_C,294,38,High,4,Sunday,6,1,True,Night,High,True
2026-01-04,5,Junction_A,81,13,Low,4,Sunday,6,1,True,Night,Low,False
2026-01-04,5,Junction_B,195,38,Medium,4,Sunday,6,1,True,Night,Medium,False
2026-01-04,5,Junction_C,172,15,Medium,4,Sunday,6,1,True,Night,Medium,False
2026-01-04,6,Junction_A,275,53,High,4,Sunday,6,1,True,Morning,High,True
2026-01-04,6,Junction_B,250,58,High,4,Sunday,6,1,True,Morning,High,True
2026-01-04,6,Junction_C,86,17,Low,4,Sunday,6,1,True,Morning,Low,False
2026-01-04,7,Junction_A,147,58,Medium,4,Sunday,6,1,True,Morning,Medium,False
2026-01-04,7,Junction_B,85,28,Low,4,Sunday,6,1,True,Morning,Low,False
2026-01-04,7,Junction_C,204,56,Medium,4,Sunday,6,1,True,Morning,Medium,False
2026-01-04,8,Junction_A,117,53,Low,4,Sunday,6,1,True,Morning,Low,False
2026-01-04,8,Junction_B,119,32,Low,4,Sunday,6,1,True,Morning,Low,False
2026-01-04,8,Junction_C,283,45,High,4,Sunday,6,1,True,Morning,High,True
2026-01-04,9,Junction_A,150,43,Medium,4,Sunday,6,1,True,Morning,Medium,False
2026-01-04,9,Junction_B,197,45,Medium,4,Sunday,6,1,True,Morning,Medium,False
2026-01-04,9,Junction_C,274,13,High,4,Sunday,6,1,True,Morning,High,True
2026-01-04,10,Junction_A,115,40,Low,4,Sunday,6,1,True,Morning,Low,False
2026-01-04,10,Junction_B,291,49,High,4,Sunday,6,1,True,Morning,High,True
2026-01-04,10,Junction_C,65,58,Low,4,Sunday,6,1,True,Morning,Low,False
2026-01-04,11,Junction_A,269,42,High,4,Sunday,6,1,True,Morning,High,True
2026-01-04,11,Junction_B,259,34,High,4,Sunday,6,1,True,Morning,High,True
2026-01-04,11,Junction_C,231,11,High,4,Sunday,6,1,True,Morning,High,False
2026-01-04,12,Junction_A,82,25,Low,4,Sunday,6,1,True,Afternoon,Low,False
2026-01-04,12,Junction_B,67,10,Low,4,Sunday,6,1,True,Afternoon,Low,False
2026-01-04,12,Junction_C,186,54,Medium,4,Sunday,6,1,True,Afternoon,Medium,False
2026-01-04,13,Junction_A,265,32,High,4,Sunday,6,1,True,Afternoon,High,True
2026-01-04,13,Junction_B,65,39,Low,4,Sunday,6,1,True,Afternoon,Low,False
2026-01-04,13,Junction_C,254,27,High,4,Sunday,6,1,True,Afternoon,High,True
2026-01-04,14,Junction_A,255,28,High,4,Sunday,6,1,True,Afternoon,High,True
2026-01-04,14,Junction_B,156,10,Medium,4,Sunday,6,1,True,Afternoon,Medium,False
2026-01-04,14,Junction_C,140,50,Low,4,Sunday,6,1,True,Afternoon,Medium,False
2026-01-04,15,Junction_A,139,27,Low,4,Sunday,6,1,True,Afternoon,Medium,False
2026-01-04,15,Junction_B,167,55,Medium,4,Sunday,6,1,True,Afternoon,Medium,False
2026-01-04,15,Junction_C,111,24,Low,4,Sunday,6,1,True,Afternoon,Low,False
2026-01-04,16,Junction_A,86,47,Low,4,Sunday,6,1,True,Afternoon,Low,False
2026-01-04,16,Junction_B,70,11,Low,4,Sunday,6,1,True,Afternoon,Low,False
2026-01-04,16,Junction_C,66,14,Low,4,Sunday,6,1,True,Afternoon,Low,False
2026-01-04,17,Junction_A,205,37,Medium,4,Sunday,6,1,True,Evening,Medium,False
2026-01-04,17,Junction_B,102,12,Low,4,Sunday,6,1,True,Evening,Low,False
2026-01-04,17,Junction_C,53,56,Low,4,Sunday,6,1,True,Evening,Low,False
2026-01-04,18,Junction_A,207,22,Medium,4,Sunday,6,1,True,Evening,Medium,False
2026-01-04,18,Junction_B,78,31,Low,4,Sunday,6,1,True,Evening,Low,False
2026-01-04,18,Junction_C,133,43,Low,4,Sunday,6,1,True,Evening,Medium,False
2026-01-04,19,Junction_A,107,29,Low,4,Sunday,6,1,True,Evening,Low,False
2026-01-04,19,Junction_B,236,27,High,4,Sunday,6,1,True,Evening,High,True
2026-01-04,19,Junction_C,280,46,High,4,Sunday,6,1,True,Evening,High,True
2026-01-04,20,Junction_A,145,16,Medium,4,Sunday,6,1,True,Evening,Medium,False
2026-01-04,20,Junction_B,291,44,High,4,Sunday,6,1,True,Evening,High,True
2026-01-04,20,Junction_C,157,16,Medium,4,Sunday,6,1,True,Evening,Medium,False
2026-01-04,21,Junction_A,91,38,Low,4,Sunday,6,1,True,Night,Low,False
2026-01-04,21,Junction_B,176,56,Medium,4,Sunday,6,1,True,Night,Medium,False
2026-01-04,21,Junction_C,265,11,High,4,Sunday,6,1,True,Night,High,True
2026-01-04,22,Junction_A,247,51,High,4,Sunday,6,1,True,Night,High,True
2026-01-04,22,Junction_B,131,17,Low,4,Sunday,6,1,True,Night,Low,False
2026-01-04,22,Junction_C,122,11,Low,4,Sunday,6,1,True,Night,Low,False
2026-01-04,23,Junction_A,75,10,Low,4,Sunday,6,1,True,Night,Low,False
2026-01-04,23,Junction_B,213,32,Medium,4,Sunday,6,1,True,Night,Medium,False
2026-01-04,23,Junction_C,272,13,High,4,Sunday,6,1,True,Night,High,True
2026-01-05,0,Junction_A,94,57,Low,5,Monday,0,1,False,Night,Low,False
2026-01-05,0,Junction_B,91,26,Low,5,Monday,0,1,False,Night,Low,False
2026-01-05,0,Junction_C,187,41,Medium,5,Monday,0,1,False,Night,Medium,False
2026-01-05,1,Junction_A,284,34,High,5,Monday,0,1,False,Night,High,True
2026-01-05,1,Junction_B,284,49,High,5,Monday,0,1,False,Night,High,True
2026-01-05,1,Junction_C,127,49,Low,5,Monday,0,1,False,Night,Low,False
2026-01-05,2,Junction_A,95,31,Low,5,Monday,0,1,False,Night,Low,False
2026-01-05,2,Junction_B,292,52,High,5,Monday,0,1,False,Night,High,True
2026-01-05,2,Junction_C,227,20,High,5,Monday,0,1,False,Night,High,False
2026-01-05,3,Junction_A,209,38,Medium,5,Monday,0,1,False,Night,Medium,False
2026-01-05,3,Junction_B,85,17,Low,5,Monday,0,1,False,Night,Low,False
2026-01-05,3,Junction_C,138,39,Low,5,Monday,0,1,False,Night,Medium,False
2026-01-05,4,Junction_A,176,18,Medium,5,Monday,0,1,False,Night,Medium,False
2026-01-05,4,Junction_B,188,36,Medium,5,Monday,0,1,False,Night,Medium,False
2026-01-05,4,Junction_C,175,57,Medium,5,Monday,0,1,False,Night,Medium,False
2026-01-05,5,Junction_A,138,32,Low,5,Monday,0,1,False,Night,Medium,False
2026-01-05,5,Junction_B,135,33,Low,5,Monday,0,1,False,Night,Medium,False
2026-01-05,5,Junction_C,73,14,Low,5,Monday,0,1,False,Night,Low,False
2026-01-05,6,Junction_A,149,51,Medium,5,Monday,0,1,False,Morning,Medium,False
2026-01-05,6,Junction_B,261,54,High,5,Monday,0,1,False,Morning,High,True
2026-01-05,6,Junction_C,211,51,Medium,5,Monday,0,1,False,Morning,Medium,False
2026-01-05,7,Junction_A,299,15,High,5,Monday,0,1,False,Morning,High,True
2026-01-05,7,Junction_B,91,34,Low,5,Monday,0,1,False,Morning,Low,False
2026-01-05,7,Junction_C,278,55,High,5,Monday,0,1,False,Morning,High,True
2026-01-05,8,Junction_A,193,22,Medium,5,Monday,0,1,False,Morning,Medium,False
2026-01-05,8,Junction_B,61,54,Low,5,Monday,0,1,False,Morning,Low,False
2026-01-05,8,Junction_C,232,58,High,5,Monday,0,1,False,Morning,High,False
2026-01-05,9,Junction_A,180,15,Medium,5,Monday,0,1,False,Morning,Medium,False
2026-01-05,9,Junction_B,154,45,Medium,5,Monday,0,1,False,Morning,Medium,False
2026-01-05,9,Junction_C,150,28,Medium,5,Monday,0,1,False,Morning,Medium,False
2026-01-05,10,Junction_A,268,16,High,5,Monday,0,1,False,Morning,High,True
2026-01-05,10,Junction_B,58,15,Low,5,Monday,0,1,False,Morning,Low,False
2026-01-05,10,Junction_C,102,29,Low,5,Monday,0,1,False,Morning,Low,False
2026-01-05,11,Junction_A,94,50,Low,5,Monday,0,1,False,Morning,Low,False
2026-01-05,11,Junction_B,111,50,Low,5,Monday,0,1,False,Morning,Low,False
2026-01-05,11,Junction_C,161,30,Medium,5,Monday,0,1,False,Morning,Medium,False
2026-01-05,12,Junction_A,135,32,Low,5,Monday,0,1,False,Afternoon,Medium,False
2026-01-05,12,Junction_B,199,29,Medium,5,Monday,0,1,False,Afternoon,Medium,False
2026-01-05,12,Junction_C,111,31,Low,5,Monday,0,1,False,Afternoon,Low,False
2026-01-05,13,Junction_A,51,31,Low,5,Monday,0,1,False,Afternoon,Low,False
2026-01-05,13,Junction_B,285,49,High,5,Monday,0,1,False,Afternoon,High,True
2026-01-05,13,Junction_C,73,39,Low,5,Monday,0,1,False,Afternoon,Low,False
2026-01-05,14,Junction_A,212,26,Medium,5,Monday,0,1,False,Afternoon,Medium,False
2026-01-05,14,Junction_B,188,58,Medium,5,Monday,0,1,False,Afternoon,Medium,False
2026-01-05,14,Junction_C,68,26,Low,5,Monday,0,1,False,Afternoon,Low,False
2026-01-05,15,Junction_A,216,52,Medium,5,Monday,0,1,False,Afternoon,High,False
2026-01-05,15,Junction_B,77,20,Low,5,Monday,0,1,False,Afternoon,Low,False
2026-01-05,15,Junction_C,281,15,High,5,Monday,0,1,False,Afternoon,High,True
2026-01-05,16,Junction_A,226,51,High,5,Monday,0,1,False,Afternoon,High,False
2026-01-05,16,Junction_B,167,56,Medium,5,Monday,0,1,False,Afternoon,Medium,False
2026-01-05,16,Junction_C,87,38,Low,5,Monday,0,1,False,Afternoon,Low,False
2026-01-05,17,Junction_A,239,19,High,5,Monday,0,1,False,Evening,High,True
2026-01-05,17,Junction_B,244,14,High,5,Monday,0,1,False,Evening,High,True
2026-01-05,17,Junction_C,127,40,Low,5,Monday,0,1,False,Evening,Low,False
2026-01-05,18,Junction_A,101,32,Low,5,Monday,0,1,False,Evening,Low,False
2026-01-05,18,Junction_B,273,53,High,5,Monday,0,1,False,Evening,High,True
2026-01-05,18,Junction_C,198,59,Medium,5,Monday,0,1,False,Evening,Medium,False
2026-01-05,19,Junction_A,138,14,Low,5,Monday,0,1,False,Evening,Medium,False
2026-01-05,19,Junction_B,220,11,Medium,5,Monday,0,1,False,Evening,High,False
2026-01-05,19,Junction_C,144,27,Medium,5,Monday,0,1,False,Evening,Medium,False
2026-01-05,20,Junction_A,227,45,High,5,Monday,0,1,False,Evening,High,False
2026-01-05,20,Junction_B,111,13,Low,5,Monday,0,1,False,Evening,Low,False
2026-01-05,20,Junction_C,92,43,Low,5,Monday,0,1,False,Evening,Low,False
2026-01-05,21,Junction_A,58,19,Low,5,Monday,0,1,False,Night,Low,False
2026-01-05,21,Junction_B,298,41,High,5,Monday,0,1,False,Night,High,True
2026-01-05,21,Junction_C,199,50,Medium,5,Monday,0,1,False,Night,Medium,False
2026-01-05,22,Junction_A,119,60,Low,5,Monday,0,1,False,Night,Low,False
2026-01-05,22,Junction_B,244,19,High,5,Monday,0,1,False,Night,High,True
2026-01-05,22,Junction_C,122,36,Low,5,Monday,0,1,False,Night,Low,False
2026-01-05,23,Junction_A,81,44,Low,5,Monday,0,1,False,Night,Low,False
2026-01-05,23,Junction_B,249,12,High,5,Monday,0,1,False,Night,High,True
2026-01-05,23,Junction_C,165,11,Medium,5,Monday,0,1,False,Night,Medium,False
2026-01-06,0,Junction_A,258,60,High,6,Tuesday,1,1,False,Night,High,True
2026-01-06,0,Junction_B,299,29,High,6,Tuesday,1,1,False,Night,High,True
2026-01-06,0,Junction_C,63,45,Low,6,Tuesday,1,1,False,Night,Low,False
2026-01-06,1,Junction_A,275,25,High,6,Tuesday,1,1,False,Night,High,True
2026-01-06,1,Junction_B,62,39,Low,6,Tuesday,1,1,False,Night,Low,False
2026-01-06,1,Junction_C,72,20,Low,6,Tuesday,1,1,False,Night,Low,False
2026-01-06,2,Junction_A,85,47,Low,6,Tuesday,1,1,False,Night,Low,False
2026-01-06,2,Junction_B,240,18,High,6,Tuesday,1,1,False,Night,High,True
2026-01-06,2,Junction_C,273,57,High,6,Tuesday,1,1,False,Night,High,True
2026-01-06,3,Junction_A,241,39,High,6,Tuesday,1,1,False,Night,High,True
2026-01-06,3,Junction_B,77,15,Low,6,Tuesday,1,1,False,Night,Low,False
2026-01-06,3,Junction_C,248,29,High,6,Tuesday,1,1,False,Night,High,True
2026-01-06,4,Junction_A,267,36,High,6,Tuesday,1,1,False,Night,High,True
2026-01-06,4,Junction_B,238,37,High,6,Tuesday,1,1,False,Night,High,True
2026-01-06,4,Junction_C,214,42,Medium,6,Tuesday,1,1,False,Night,High,False
2026-01-06,5,Junction_A,95,24,Low,6,Tuesday,1,1,False,Night,Low,False
2026-01-06,5,Junction_B,92,14,Low,6,Tuesday,1,1,False,Night,Low,False
2026-01-06,5,Junction_C,269,47,High,6,Tuesday,1,1,False,Night,High,True
2026-01-06,6,Junction_A,136,56,Low,6,Tuesday,1,1,False,Morning,Medium,False
2026-01-06,6,Junction_B,96,47,Low,6,Tuesday,1,1,False,Morning,Low,False
2026-01-06,6,Junction_C,61,37,Low,6,Tuesday,1,1,False,Morning,Low,False
2026-01-06,7,Junction_A,221,46,High,6,Tuesday,1,1,False,Morning,High,False
2026-01-06,7,Junction_B,74,52,Low,6,Tuesday,1,1,False,Morning,Low,False
2026-01-06,7,Junction_C,287,18,High,6,Tuesday,1,1,False,Morning,High,True
2026-01-06,8,Junction_A,177,59,Medium,6,Tuesday,1,1,False,Morning,Medium,False
2026-01-06,8,Junction_B,279,56,High,6,Tuesday,1,1,False,Morning,High,True
2026-01-06,8,Junction_C,268,10,High,6,Tuesday,1,1,False,Morning,High,True
2026-01-06,9,Junction_A,205,28,Medium,6,Tuesday,1,1,False,Morning,Medium,False
2026-01-06,9,Junction_B,224,23,High,6,Tuesday,1,1,False,Morning,High,False
2026-01-06,9,Junction_C,63,12,Low,6,Tuesday,1,1,False,Morning,Low,False
2026-01-06,10,Junction_A,117,34,Low,6,Tuesday,1,1,False,Morning,Low,False
2026-01-06,10,Junction_B,91,31,Low,6,Tuesday,1,1,False,Morning,Low,False
2026-01-06,10,Junction_C,276,16,High,6,Tuesday,1,1,False,Morning,High,True
2026-01-06,11,Junction_A,117,20,Low,6,Tuesday,1,1,False,Morning,Low,False
2026-01-06,11,Junction_B,200,51,Medium,6,Tuesday,1,1,False,Morning,Medium,False
2026-01-06,11,Junction_C,96,15,Low,6,Tuesday,1,1,False,Morning,Low,False
2026-01-06,12,Junction_A,258,40,High,6,Tuesday,1,1,False,Afternoon,High,True
2026-01-06,12,Junction_B,184,19,Medium,6,Tuesday,1,1,False,Afternoon,Medium,False
2026-01-06,12,Junction_C,152,33,Medium,6,Tuesday,1,1,False,Afternoon,Medium,False
2026-01-06,13,Junction_A,268,51,High,6,Tuesday,1,1,False,Afternoon,High,True
2026-01-06,13,Junction_B,96,28,Low,6,Tuesday,1,1,False,Afternoon,Low,False
2026-01-06,13,Junction_C,258,57,High,6,Tuesday,1,1,False,Afternoon,High,True
2026-01-06,14,Junction_A,61,50,Low,6,Tuesday,1,1,False,Afternoon,Low,False
2026-01-06,14,Junction_B,107,22,Low,6,Tuesday,1,1,False,Afternoon,Low,False
2026-01-06,14,Junction_C,63,52,Low,6,Tuesday,1,1,False,Afternoon,Low,False
2026-01-06,15,Junction_A,234,54,High,6,Tuesday,1,1,False,Afternoon,High,False
2026-01-06,15,Junction_B,68,25,Low,6,Tuesday,1,1,False,Afternoon,Low,False
2026-01-06,15,Junction_C,134,33,Low,6,Tuesday,1,1,False,Afternoon,Medium,False
2026-01-06,16,Junction_A,158,60,Medium,6,Tuesday,1,1,False,Afternoon,Medium,False
2026-01-06,16,Junction_B,224,16,High,6,Tuesday,1,1,False,Afternoon,High,False
2026-01-06,16,Junction_C,80,43,Low,6,Tuesday,1,1,False,Afternoon,Low,False
2026-01-06,17,Junction_A,239,24,High,6,Tuesday,1,1,False,Evening,High,True
2026-01-06,17,Junction_B,95,48,Low,6,Tuesday,1,1,False,Evening,Low,False
2026-01-06,17,Junction_C,143,26,Medium,6,Tuesday,1,1,False,Evening,Medium,False
2026-01-06,18,Junction_A,189,46,Medium,6,Tuesday,1,1,False,Evening,Medium,False
2026-01-06,18,Junction_B,113,18,Low,6,Tuesday,1,1,False,Evening,Low,False
2026-01-06,18,Junction_C,164,50,Medium,6,Tuesday,1,1,False,Evening,Medium,False
2026-01-06,19,Junction_A,62,40,Low,6,Tuesday,1,1,False,Evening,Low,False
2026-01-06,19,Junction_B,151,26,Medium,6,Tuesday,1,1,False,Evening,Medium,False
2026-01-06,19,Junction_C,277,36,High,6,Tuesday,1,1,False,Evening,High,True
2026-01-06,20,Junction_A,211,39,Medium,6,Tuesday,1,1,False,Evening,Medium,False
2026-01-06,20,Junction_B,160,23,Medium,6,Tuesday,1,1,False,Evening,Medium,False
2026-01-06,20,Junction_C,123,44,Low,6,Tuesday,1,1,False,Evening,Low,False
2026-01-06,21,Junction_A,229,52,High,6,Tuesday,1,1,False,Night,High,False
2026-01-06,21,Junction_B,227,31,High,6,Tuesday,1,1,False,Night,High,False
2026-01-06,21,Junction_C,194,45,Medium,6,Tuesday,1,1,False,Night,Medium,False
2026-01-06,22,Junction_A,142,59,Medium,6,Tuesday,1,1,False,Night,Medium,False
2026-01-06,22,Junction_B,123,31,Low,6,Tuesday,1,1,False,Night,Low,False
2026-01-06,22,Junction_C,187,52,Medium,6,Tuesday,1,1,False,Night,Medium,False
2026-01-06,23,Junction_A,223,41,High,6,Tuesday,1,1,False,Night,High,False
2026-01-06,23,Junction_B,247,37,High,6,Tuesday,1,1,False,Night,High,True
2026-01-06,23,Junction_C,234,14,High,6,Tuesday,1,1,False,Night,High,False
2026-01-07,0,Junction_A,186,55,Medium,7,Wednesday,2,1,False,Night,Medium,False
2026-01-07,0,Junction_B,74,27,Low,7,Wednesday,2,1,False,Night,Low,False
2026-01-07,0,Junction_C,88,57,Low,7,Wednesday,2,1,False,Night,Low,False
2026-01-07,1,Junction_A,135,56,Low,7,Wednesday,2,1,False,Night,Medium,False
2026-01-07,1,Junction_B,89,58,Low,7,Wednesday,2,1,False,Night,Low,False
2026-01-07,1,Junction_C,273,33,High,7,Wednesday,2,1,False,Night,High,True
2026-01-07,2,Junction_A,127,47,Low,7,Wednesday,2,1,False,Night,Low,False
2026-01-07,2,Junction_B,227,44,High,7,Wednesday,2,1,False,Night,High,False
2026-01-07,2,Junction_C,105,47,Low,7,Wednesday,2,1,False,Night,Low,False
2026-01-07,3,Junction_A,72,12,Low,7,Wednesday,2,1,False,Night,Low,False
2026-01-07,3,Junction_B,82,29,Low,7,Wednesday,2,1,False,Night,Low,False
2026-01-07,3,Junction_C,190,30,Medium,7,Wednesday,2,1,False,Night,Medium,False
2026-01-07,4,Junction_A,95,25,Low,7,Wednesday,2,1,False,Night,Low,False
2026-01-07,4,Junction_B,191,40,Medium,7,Wednesday,2,1,False,Night,Medium,False
2026-01-07,4,Junction_C,298,44,High,7,Wednesday,2,1,False,Night,High,True
2026-01-07,5,Junction_A,121,22,Low,7,Wednesday,2,1,False,Night,Low,False
2026-01-07,5,Junction_B,214,26,Medium,7,Wednesday,2,1,False,Night,High,False
2026-01-07,5,Junction_C,207,48,Medium,7,Wednesday,2,1,False,Night,Medium,False
2026-01-07,6,Junction_A,115,31,Low,7,Wednesday,2,1,False,Morning,Low,False
2026-01-07,6,Junction_B,172,26,Medium,7,Wednesday,2,1,False,Morning,Medium,False
2026-01-07,6,Junction_C,299,25,High,7,Wednesday,2,1,False,Morning,High,True
2026-01-07,7,Junction_A,285,38,High,7,Wednesday,2,1,False,Morning,High,True
2026-01-07,7,Junction_B,264,21,High,7,Wednesday,2,1,False,Morning,High,True
2026-01-07,7,Junction_C,139,47,Low,7,Wednesday,2,1,False,Morning,Medium,False
2026-01-07,8,Junction_A,119,20,Low,7,Wednesday,2,1,False,Morning,Low,False
2026-01-07,8,Junction_B,209,43,Medium,7,Wednesday,2,1,False,Morning,Medium,False
2026-01-07,8,Junction_C,56,15,Low,7,Wednesday,2,1,False,Morning,Low,False
2026-01-07,9,Junction_A,205,11,Medium,7,Wednesday,2,1,False,Morning,Medium,False
2026-01-07,9,Junction_B,186,49,Medium,7,Wednesday,2,1,False,Morning,Medium,False
2026-01-07,9,Junction_C,176,36,Medium,7,Wednesday,2,1,False,Morning,Medium,False
2026-01-07,10,Junction_A,85,30,Low,7,Wednesday,2,1,False,Morning,Low,False
2026-01-07,10,Junction_B,67,58,Low,7,Wednesday,2,1,False,Morning,Low,False
2026-01-07,10,Junction_C,271,46,High,7,Wednesday,2,1,False,Morning,High,True
2026-01-07,11,Junction_A,79,41,Low,7,Wednesday,2,1,False,Morning,Low,False
2026-01-07,11,Junction_B,208,54,Medium,7,Wednesday,2,1,False,Morning,Medium,False
2026-01-07,11,Junction_C,211,31,Medium,7,Wednesday,2,1,False,Morning,Medium,False
2026-01-07,12,Junction_A,115,40,Low,7,Wednesday,2,1,False,Afternoon,Low,False
2026-01-07,12,Junction_B,222,31,High,7,Wednesday,2,1,False,Afternoon,High,False
2026-01-07,12,Junction_C,249,43,High,7,Wednesday,2,1,False,Afternoon,High,True
2026-01-07,13,Junction_A,189,37,Medium,7,Wednesday,2,1,False,Afternoon,Medium,False
2026-01-07,13,Junction_B,126,30,Low,7,Wednesday,2,1,False,Afternoon,Low,False
2026-01-07,13,Junction_C,172,23,Medium,7,Wednesday,2,1,False,Afternoon,Medium,False
2026-01-07,14,Junction_A,299,14,High,7,Wednesday,2,1,False,Afternoon,High,True
2026-01-07,14,Junction_B,88,59,Low,7,Wednesday,2,1,False,Afternoon,Low,False
2026-01-07,14,Junction_C,213,42,Medium,7,Wednesday,2,1,False,Afternoon,Medium,False
2026-01-07,15,Junction_A,145,23,Medium,7,Wednesday,2,1,False,Afternoon,Medium,False
2026-01-07,15,Junction_B,300,23,High,7,Wednesday,2,1,False,Afternoon,High,True
2026-01-07,15,Junction_C,204,45,Medium,7,Wednesday,2,1,False,Afternoon,Medium,False
2026-01-07,16,Junction_A,102,17,Low,7,Wednesday,2,1,False,Afternoon,Low,False
2026-01-07,16,Junction_B,188,48,Medium,7,Wednesday,2,1,False,Afternoon,Medium,False
2026-01-07,16,Junction_C,245,59,High,7,Wednesday,2,1,False,Afternoon,High,True
2026-01-07,17,Junction_A,145,48,Medium,7,Wednesday,2,1,False,Evening,Medium,False
2026-01-07,17,Junction_B,207,49,Medium,7,Wednesday,2,1,False,Evening,Medium,False
2026-01-07,17,Junction_C,116,60,Low,7,Wednesday,2,1,False,Evening,Low,False
2026-01-07,18,Junction_A,200,54,Medium,7,Wednesday,2,1,False,Evening,Medium,False
2026-01-07,18,Junction_B,168,28,Medium,7,Wednesday,2,1,False,Evening,Medium,False
2026-01-07,18,Junction_C,207,60,Medium,7,Wednesday,2,1,False,Evening,Medium,False
2026-01-07,19,Junction_A,231,10,High,7,Wednesday,2,1,False,Evening,High,False
2026-01-07,19,Junction_B,294,35,High,7,Wednesday,2,1,False,Evening,High,True
2026-01-07,19,Junction_C,91,18,Low,7,Wednesday,2,1,False,Evening,Low,False
2026-01-07,20,Junction_A,278,42,High,7,Wednesday,2,1,False,Evening,High,True
2026-01-07,20,Junction_B,284,19,High,7,Wednesday,2,1,False,Evening,High,True
2026-01-07,20,Junction_C,193,45,Medium,7,Wednesday,2,1,False,Evening,Medium,False
2026-01-07,21,Junction_A,54,43,Low,7,Wednesday,2,1,False,Night,Low,False
2026-01-07,21,Junction_B,151,18,Medium,7,Wednesday,2,1,False,Night,Medium,False
2026-01-07,21,Junction_C,99,13,Low,7,Wednesday,2,1,False,Night,Low,False
2026-01-07,22,Junction_A,278,16,High,7,Wednesday,2,1,False,Night,High,True
2026-01-07,22,Junction_B,146,53,Medium,7,Wednesday,2,1,False,Night,Medium,False
2026-01-07,22,Junction_C,155,59,Medium,7,Wednesday,2,1,False,Night,Medium,False
2026-01-07,23,Junction_A,112,10,Low,7,Wednesday,2,1,False,Night,Low,False
2026-01-07,23,Junction_B,274,41,High,7,Wednesday,2,1,False,Night,High,True
2026-01-07,23,Junction_C,142,20,Medium,7,Wednesday,2,1,False,Night,Medium,False
2026-01-08,0,Junction_A,66,30,Low,8,Thursday,3,1,False,Night,Low,False
2026-01-08,0,Junction_B,285,21,High,8,Thursday,3,1,False,Night,High,True
2026-01-08,0,Junction_C,209,33,Medium,8,Thursday,3,1,False,Night,Medium,False
2026-01-08,1,Junction_A,275,24,High,8,Thursday,3,1,False,Night,High,True
2026-01-08,1,Junction_B,256,10,High,8,Thursday,3,1,False,Night,High,True
2026-01-08,1,Junction_C,209,46,Medium,8,Thursday,3,1,False,Night,Medium,False
2026-01-08,2,Junction_A,96,37,Low,8,Thursday,3,1,False,Night,Low,False
2026-01-08,2,Junction_B,82,24,Low,8,Thursday,3,1,False,Night,Low,False
2026-01-08,2,Junction_C,248,43,High,8,Thursday,3,1,False,Night,High,True
2026-01-08,3,Junction_A,158,59,Medium,8,Thursday,3,1,False,Night,Medium,False
2026-01-08,3,Junction_B,227,14,High,8,Thursday,3,1,False,Night,High,False
2026-01-08,3,Junction_C,204,14,Medium,8,Thursday,3,1,False,Night,Medium,False
2026-01-08,4,Junction_A,150,36,Medium,8,Thursday,3,1,False,Night,Medium,False
2026-01-08,4,Junction_B,288,37,High,8,Thursday,3,1,False,Night,High,True
2026-01-08,4,Junction_C,267,57,High,8,Thursday,3,1,False,Night,High,True
2026-01-08,5,Junction_A,56,51,Low,8,Thursday,3,1,False,Night,Low,False
2026-01-08,5,Junction_B,214,27,Medium,8,Thursday,3,1,False,Night,High,False
2026-01-08,5,Junction_C,233,44,High,8,Thursday,3,1,False,Night,High,False
2026-01-08,6,Junction_A,176,22,Medium,8,Thursday,3,1,False,Morning,Medium,False
2026-01-08,6,Junction_B,260,42,High,8,Thursday,3,1,False,Morning,High,True
2026-01-08,6,Junction_C,284,60,High,8,Thursday,3,1,False,Morning,High,True
2026-01-08,7,Junction_A,125,14,Low,8,Thursday,3,1,False,Morning,Low,False
2026-01-08,7,Junction_B,200,43,Medium,8,Thursday,3,1,False,Morning,Medium,False
2026-01-08,7,Junction_C,121,53,Low,8,Thursday,3,1,False,Morning,Low,False
2026-01-08,8,Junction_A,157,37,Medium,8,Thursday,3,1,False,Morning,Medium,False
2026-01-08,8,Junction_B,76,56,Low,8,Thursday,3,1,False,Morning,Low,False
2026-01-08,8,Junction_C,154,36,Medium,8,Thursday,3,1,False,Morning,Medium,False
2026-01-08,9,Junction_A,218,36,Medium,8,Thursday,3,1,False,Morning,High,False
2026-01-08,9,Junction_B,151,12,Medium,8,Thursday,3,1,False,Morning,Medium,False
2026-01-08,9,Junction_C,300,22,High,8,Thursday,3,1,False,Morning,High,True
2026-01-08,10,Junction_A,71,40,Low,8,Thursday,3,1,False,Morning,Low,False
2026-01-08,10,Junction_B,148,40,Medium,8,Thursday,3,1,False,Morning,Medium,False
2026-01-08,10,Junction_C,269,59,High,8,Thursday,3,1,False,Morning,High,True
2026-01-08,11,Junction_A,276,48,High,8,Thursday,3,1,False,Morning,High,True
2026-01-08,11,Junction_B,114,30,Low,8,Thursday,3,1,False,Morning,Low,False
2026-01-08,11,Junction_C,96,15,Low,8,Thursday,3,1,False,Morning,Low,False
2026-01-08,12,Junction_A,151,50,Medium,8,Thursday,3,1,False,Afternoon,Medium,False
2026-01-08,12,Junction_B,144,51,Medium,8,Thursday,3,1,False,Afternoon,Medium,False
2026-01-08,12,Junction_C,90,33,Low,8,Thursday,3,1,False,Afternoon,Low,False
2026-01-08,13,Junction_A,56,43,Low,8,Thursday,3,1,False,Afternoon,Low,False
2026-01-08,13,Junction_B,158,28,Medium,8,Thursday,3,1,False,Afternoon,Medium,False
2026-01-08,13,Junction_C,124,57,Low,8,Thursday,3,1,False,Afternoon,Low,False
2026-01-08,14,Junction_A,217,30,Medium,8,Thursday,3,1,False,Afternoon,High,False
2026-01-08,14,Junction_B,262,35,High,8,Thursday,3,1,False,Afternoon,High,True
2026-01-08,14,Junction_C,67,55,Low,8,Thursday,3,1,False,Afternoon,Low,False
2026-01-08,15,Junction_A,147,60,Medium,8,Thursday,3,1,False,Afternoon,Medium,False
2026-01-08,15,Junction_B,79,28,Low,8,Thursday,3,1,False,Afternoon,Low,False
2026-01-08,15,Junction_C,100,20,Low,8,Thursday,3,1,False,Afternoon,Low,False
2026-01-08,16,Junction_A,74,31,Low,8,Thursday,3,1,False,Afternoon,Low,False
2026-01-08,16,Junction_B,207,12,Medium,8,Thursday,3,1,False,Afternoon,Medium,False
2026-01-08,16,Junction_C,160,33,Medium,8,Thursday,3,1,False,Afternoon,Medium,False
2026-01-08,17,Junction_A,253,51,High,8,Thursday,3,1,False,Evening,High,True
2026-01-08,17,Junction_B,179,21,Medium,8,Thursday,3,1,False,Evening,Medium,False
2026-01-08,17,Junction_C,104,16,Low,8,Thursday,3,1,False,Evening,Low,False
2026-01-08,18,Junction_A,97,22,Low,8,Thursday,3,1,False,Evening,Low,False
2026-01-08,18,Junction_B,221,54,High,8,Thursday,3,1,False,Evening,High,False
2026-01-08,18,Junction_C,222,54,High,8,Thursday,3,1,False,Evening,High,False
2026-01-08,19,Junction_A,120,32,Low,8,Thursday,3,1,False,Evening,Low,False
2026-01-08,19,Junction_B,134,46,Low,8,Thursday,3,1,False,Evening,Medium,False
2026-01-08,19,Junction_C,243,34,High,8,Thursday,3,1,False,Evening,High,True
2026-01-08,20,Junction_A,294,48,High,8,Thursday,3,1,False,Evening,High,True
2026-01-08,20,Junction_B,86,30,Low,8,Thursday,3,1,False,Evening,Low,False
2026-01-08,20,Junction_C,137,53,Low,8,Thursday,3,1,False,Evening,Medium,False
2026-01-08,21,Junction_A,274,18,High,8,Thursday,3,1,False,Night,High,True
2026-01-08,21,Junction_B,78,43,Low,8,Thursday,3,1,False,Night,Low,False
2026-01-08,21,Junction_C,130,30,Low,8,Thursday,3,1,False,Night,Low,False
2026-01-08,22,Junction_A,239,14,High,8,Thursday,3,1,False,Night,High,True
2026-01-08,22,Junction_B,214,46,Medium,8,Thursday,3,1,False,Night,High,False
2026-01-08,22,Junction_C,80,14,Low,8,Thursday,3,1,False,Night,Low,False
2026-01-08,23,Junction_A,108,20,Low,8,Thursday,3,1,False,Night,Low,False
2026-01-08,23,Junction_B,132,34,Low,8,Thursday,3,1,False,Night,Low,False
2026-01-08,23,Junction_C,122,55,Low,8,Thursday,3,1,False,Night,Low,False
2026-01-09,0,Junction_A,205,44,Medium,9,Friday,4,1,False,Night,Medium,False
2026-01-09,0,Junction_B,257,35,High,9,Friday,4,1,False,Night,High,True
2026-01-09,0,Junction_C,239,54,High,9,Friday,4,1,False,Night,High,True
2026-01-09,1,Junction_A,55,55,Low,9,Friday,4,1,False,Night,Low,False
2026-01-09,1,Junction_B,145,21,Medium,9,Friday,4,1,False,Night,Medium,False
2026-01-09,1,Junction_C,120,31,Low,9,Friday,4,1,False,Night,Low,False
2026-01-09,2,Junction_A,136,36,Low,9,Friday,4,1,False,Night,Medium,False
2026-01-09,2,Junction_B,271,23,High,9,Friday,4,1,False,Night,High,True
2026-01-09,2,Junction_C,156,52,Medium,9,Friday,4,1,False,Night,Medium,False
2026-01-09,3,Junction_A,157,40,Medium,9,Friday,4,1,False,Night,Medium,False
2026-01-09,3,Junction_B,104,43,Low,9,Friday,4,1,False,Night,Low,False
2026-01-09,3,Junction_C,128,34,Low,9,Friday,4,1,False,Night,Low,False
2026-01-09,4,Junction_A,107,59,Low,9,Friday,4,1,False,Night,Low,False
2026-01-09,4,Junction_B,205,33,Medium,9,Friday,4,1,False,Night,Medium,False
2026-01-09,4,Junction_C,144,57,Medium,9,Friday,4,1,False,Night,Medium,False
2026-01-09,5,Junction_A,252,25,High,9,Friday,4,1,False,Night,High,True
2026-01-09,5,Junction_B,122,11,Low,9,Friday,4,1,False,Night,Low,False
2026-01-09,5,Junction_C,105,23,Low,9,Friday,4,1,False,Night,Low,False
2026-01-09,6,Junction_A,131,45,Low,9,Friday,4,1,False,Morning,Low,False
2026-01-09,6,Junction_B,65,20,Low,9,Friday,4,1,False,Morning,Low,False
2026-01-09,6,Junction_C,197,33,Medium,9,Friday,4,1,False,Morning,Medium,False
2026-01-09,7,Junction_A,129,34,Low,9,Friday,4,1,False,Morning,Low,False
2026-01-09,7,Junction_B,261,59,High,9,Friday,4,1,False,Morning,High,True
2026-01-09,7,Junction_C,214,36,Medium,9,Friday,4,1,False,Morning,High,False
2026-01-09,8,Junction_A,103,35,Low,9,Friday,4,1,False,Morning,Low,False
2026-01-09,8,Junction_B,93,26,Low,9,Friday,4,1,False,Morning,Low,False
2026-01-09,8,Junction_C,192,20,Medium,9,Friday,4,1,False,Morning,Medium,False
2026-01-09,9,Junction_A,63,43,Low,9,Friday,4,1,False,Morning,Low,False
2026-01-09,9,Junction_B,264,14,High,9,Friday,4,1,False,Morning,High,True
2026-01-09,9,Junction_C,257,45,High,9,Friday,4,1,False,Morning,High,True
2026-01-09,10,Junction_A,208,48,Medium,9,Friday,4,1,False,Morning,Medium,False
2026-01-09,10,Junction_B,264,51,High,9,Friday,4,1,False,Morning,High,True
2026-01-09,10,Junction_C,205,52,Medium,9,Friday,4,1,False,Morning,Medium,False
2026-01-09,11,Junction_A,271,15,High,9,Friday,4,1,False,Morning,High,True
2026-01-09,11,Junction_B,64,55,Low,9,Friday,4,1,False,Morning,Low,False
2026-01-09,11,Junction_C,51,54,Low,9,Friday,4,1,False,Morning,Low,False
2026-01-09,12,Junction_A,217,41,Medium,9,Friday,4,1,False,Afternoon,High,False
2026-01-09,12,Junction_B,132,30,Low,9,Friday,4,1,False,Afternoon,Low,False
2026-01-09,12,Junction_C,52,26,Low,9,Friday,4,1,False,Afternoon,Low,False
2026-01-09,13,Junction_A,103,58,Low,9,Friday,4,1,False,Afternoon,Low,False
2026-01-09,13,Junction_B,163,18,Medium,9,Friday,4,1,False,Afternoon,Medium,False
2026-01-09,13,Junction_C,219,29,Medium,9,Friday,4,1,False,Afternoon,High,False
2026-01-09,14,Junction_A,239,15,High,9,Friday,4,1,False,Afternoon,High,True
2026-01-09,14,Junction_B,122,35,Low,9,Friday,4,1,False,Afternoon,Low,False
2026-01-09,14,Junction_C,259,38,High,9,Friday,4,1,False,Afternoon,High,True
2026-01-09,15,Junction_A,132,37,Low,9,Friday,4,1,False,Afternoon,Low,False
2026-01-09,15,Junction_B,281,20,High,9,Friday,4,1,False,Afternoon,High,True
2026-01-09,15,Junction_C,258,32,High,9,Friday,4,1,False,Afternoon,High,True
2026-01-09,16,Junction_A,217,42,Medium,9,Friday,4,1,False,Afternoon,High,False
2026-01-09,16,Junction_B,250,30,High,9,Friday,4,1,False,Afternoon,High,True
2026-01-09,16,Junction_C,189,41,Medium,9,Friday,4,1,False,Afternoon,Medium,False
2026-01-09,17,Junction_A,295,49,High,9,Friday,4,1,False,Evening,High,True
2026-01-09,17,Junction_B,151,31,Medium,9,Friday,4,1,False,Evening,Medium,False
2026-01-09,17,Junction_C,183,33,Medium,9,Friday,4,1,False,Evening,Medium,False
2026-01-09,18,Junction_A,147,16,Medium,9,Friday,4,1,False,Evening,Medium,False
2026-01-09,18,Junction_B,199,20,Medium,9,Friday,4,1,False,Evening,Medium,False
2026-01-09,18,Junction_C,108,60,Low,9,Friday,4,1,False,Evening,Low,False
2026-01-09,19,Junction_A,84,42,Low,9,Friday,4,1,False,Evening,Low,False
2026-01-09,19,Junction_B,225,44,High,9,Friday,4,1,False,Evening,High,False
2026-01-09,19,Junction_C,94,26,Low,9,Friday,4,1,False,Evening,Low,False
2026-01-09,20,Junction_A,202,15,Medium,9,Friday,4,1,False,Evening,Medium,False
2026-01-09,20,Junction_B,113,37,Low,9,Friday,4,1,False,Evening,Low,False
2026-01-09,20,Junction_C,185,36,Medium,9,Friday,4,1,False,Evening,Medium,False
2026-01-09,21,Junction_A,222,53,High,9,Friday,4,1,False,Night,High,False
2026-01-09,21,Junction_B,102,29,Low,9,Friday,4,1,False,Night,Low,False
2026-01-09,21,Junction_C,196,52,Medium,9,Friday,4,1,False,Night,Medium,False
2026-01-09,22,Junction_A,75,39,Low,9,Friday,4,1,False,Night,Low,False
2026-01-09,22,Junction_B,133,16,Low,9,Friday,4,1,False,Night,Medium,False
2026-01-09,22,Junction_C,59,33,Low,9,Friday,4,1,False,Night,Low,False
2026-01-09,23,Junction_A,218,58,Medium,9,Friday,4,1,False,Night,High,False
2026-01-09,23,Junction_B,195,51,Medium,9,Friday,4,1,False,Night,Medium,False
2026-01-09,23,Junction_C,281,38,High,9,Friday,4,1,False,Night,High,True
2026-01-10,0,Junction_A,213,44,Medium,10,Saturday,5,1,True,Night,Medium,False
2026-01-10,0,Junction_B,118,33,Low,10,Saturday,5,1,True,Night,Low,False
2026-01-10,0,Junction_C,114,52,Low,10,Saturday,5,1,True,Night,Low,False
2026-01-10,1,Junction_A,148,48,Medium,10,Saturday,5,1,True,Night,Medium,False
2026-01-10,1,Junction_B,261,26,High,10,Saturday,5,1,True,Night,High,True
2026-01-10,1,Junction_C,105,23,Low,10,Saturday,5,1,True,Night,Low,False
2026-01-10,2,Junction_A,123,40,Low,10,Saturday,5,1,True,Night,Low,False
2026-01-10,2,Junction_B,197,48,Medium,10,Saturday,5,1,True,Night,Medium,False
2026-01-10,2,Junction_C,111,33,Low,10,Saturday,5,1,True,Night,Low,False
2026-01-10,3,Junction_A,113,20,Low,10,Saturday,5,1,True,Night,Low,False
2026-01-10,3,Junction_B,158,11,Medium,10,Saturday,5,1,True,Night,Medium,False
2026-01-10,3,Junction_C,208,35,Medium,10,Saturday,5,1,True,Night,Medium,False
2026-01-10,4,Junction_A,285,13,High,10,Saturday,5,1,True,Night,High,True
2026-01-10,4,Junction_B,195,44,Medium,10,Saturday,5,1,True,Night,Medium,False
2026-01-10,4,Junction_C,239,31,High,10,Saturday,5,1,True,Night,High,True
2026-01-10,5,Junction_A,198,49,Medium,10,Saturday,5,1,True,Night,Medium,False
2026-01-10,5,Junction_B,173,41,Medium,10,Saturday,5,1,True,Night,Medium,False
2026-01-10,5,Junction_C,245,33,High,10,Saturday,5,1,True,Night,High,True
2026-01-10,6,Junction_A,174,45,Medium,10,Saturday,5,1,True,Morning,Medium,False
2026-01-10,6,Junction_B,155,15,Medium,10,Saturday,5,1,True,Morning,Medium,False
2026-01-10,6,Junction_C,205,37,Medium,10,Saturday,5,1,True,Morning,Medium,False
2026-01-10,7,Junction_A,238,36,High,10,Saturday,5,1,True,Morning,High,True
2026-01-10,7,Junction_B,250,40,High,10,Saturday,5,1,True,Morning,High,True
2026-01-10,7,Junction_C,118,58,Low,10,Saturday,5,1,True,Morning,Low,False
2026-01-10,8,Junction_A,172,34,Medium,10,Saturday,5,1,True,Morning,Medium,False
2026-01-10,8,Junction_B,75,26,Low,10,Saturday,5,1,True,Morning,Low,False
2026-01-10,8,Junction_C,124,31,Low,10,Saturday,5,1,True,Morning,Low,False
2026-01-10,9,Junction_A,56,30,Low,10,Saturday,5,1,True,Morning,Low,False
2026-01-10,9,Junction_B,156,44,Medium,10,Saturday,5,1,True,Morning,Medium,False
2026-01-10,9,Junction_C,111,34,Low,10,Saturday,5,1,True,Morning,Low,False
2026-01-10,10,Junction_A,72,41,Low,10,Saturday,5,1,True,Morning,Low,False
2026-01-10,10,Junction_B,296,14,High,10,Saturday,5,1,True,Morning,High,True
2026-01-10,10,Junction_C,143,17,Medium,10,Saturday,5,1,True,Morning,Medium,False
2026-01-10,11,Junction_A,293,24,High,10,Saturday,5,1,True,Morning,High,True
2026-01-10,11,Junction_B,230,47,High,10,Saturday,5,1,True,Morning,High,False
2026-01-10,11,Junction_C,156,46,Medium,10,Saturday,5,1,True,Morning,Medium,False
2026-01-10,12,Junction_A,184,39,Medium,10,Saturday,5,1,True,Afternoon,Medium,False
2026-01-10,12,Junction_B,160,50,Medium,10,Saturday,5,1,True,Afternoon,Medium,False
2026-01-10,12,Junction_C,93,23,Low,10,Saturday,5,1,True,Afternoon,Low,False
2026-01-10,13,Junction_A,151,46,Medium,10,Saturday,5,1,True,Afternoon,Medium,False
2026-01-10,13,Junction_B,207,36,Medium,10,Saturday,5,1,True,Afternoon,Medium,False
2026-01-10,13,Junction_C,231,18,High,10,Saturday,5,1,True,Afternoon,High,False
2026-01-10,14,Junction_A,109,14,Low,10,Saturday,5,1,True,Afternoon,Low,False
2026-01-10,14,Junction_B,283,24,High,10,Saturday,5,1,True,Afternoon,High,True
2026-01-10,14,Junction_C,216,40,Medium,10,Saturday,5,1,True,Afternoon,High,False
2026-01-10,15,Junction_A,173,56,Medium,10,Saturday,5,1,True,Afternoon,Medium,False
2026-01-10,15,Junction_B,140,39,Low,10,Saturday,5,1,True,Afternoon,Medium,False
2026-01-10,15,Junction_C,270,19,High,10,Saturday,5,1,True,Afternoon,High,True
2026-01-10,16,Junction_A,123,36,Low,10,Saturday,5,1,True,Afternoon,Low,False
2026-01-10,16,Junction_B,297,20,High,10,Saturday,5,1,True,Afternoon,High,True
2026-01-10,16,Junction_C,285,49,High,10,Saturday,5,1,True,Afternoon,High,True
2026-01-10,17,Junction_A,135,51,Low,10,Saturday,5,1,True,Evening,Medium,False
2026-01-10,17,Junction_B,238,37,High,10,Saturday,5,1,True,Evening,High,True
2026-01-10,17,Junction_C,265,37,High,10,Saturday,5,1,True,Evening,High,True
2026-01-10,18,Junction_A,233,48,High,10,Saturday,5,1,True,Evening,High,False
2026-01-10,18,Junction_B,286,25,High,10,Saturday,5,1,True,Evening,High,True
2026-01-10,18,Junction_C,289,25,High,10,Saturday,5,1,True,Evening,High,True
2026-01-10,19,Junction_A,106,44,Low,10,Saturday,5,1,True,Evening,Low,False
2026-01-10,19,Junction_B,223,60,High,10,Saturday,5,1,True,Evening,High,False
2026-01-10,19,Junction_C,188,21,Medium,10,Saturday,5,1,True,Evening,Medium,False
2026-01-10,20,Junction_A,53,18,Low,10,Saturday,5,1,True,Evening,Low,False
2026-01-10,20,Junction_B,222,25,High,10,Saturday,5,1,True,Evening,High,False
2026-01-10,20,Junction_C,214,56,Medium,10,Saturday,5,1,True,Evening,High,False
2026-01-10,21,Junction_A,243,32,High,10,Saturday,5,1,True,Night,High,True
2026-01-10,21,Junction_B,299,51,High,10,Saturday,5,1,True,Night,High,True
2026-01-10,21,Junction_C,181,37,Medium,10,Saturday,5,1,True,Night,Medium,False
2026-01-10,22,Junction_A,72,46,Low,10,Saturday,5,1,True,Night,Low,False
2026-01-10,22,Junction_B,238,31,High,10,Saturday,5,1,True,Night,High,True
2026-01-10,22,Junction_C,248,22,High,10,Saturday,5,1,True,Night,High,True
2026-01-10,23,Junction_A,240,18,High,10,Saturday,5,1,True,Night,High,True
2026-01-10,23,Junction_B,232,35,High,10,Saturday,5,1,True,Night,High,False
2026-01-10,23,Junction_C,210,26,Medium,10,Saturday,5,1,True,Night,Medium,False
2026-01-11,0,Junction_A,67,41,Low,11,Sunday,6,1,True,Night,Low,False
2026-01-11,0,Junction_B,102,15,Low,11,Sunday,6,1,True,Night,Low,False
2026-01-11,0,Junction_C,118,19,Low,11,Sunday,6,1,True,Night,Low,False
2026-01-11,1,Junction_A,223,33,High,11,Sunday,6,1,True,Night,High,False
2026-01-11,1,Junction_B,288,49,High,11,Sunday,6,1,True,Night,High,True
2026-01-11,1,Junction_C,214,20,Medium,11,Sunday,6,1,True,Night,High,False
2026-01-11,2,Junction_A,278,35,High,11,Sunday,6,1,True,Night,High,True
2026-01-11,2,Junction_B,190,50,Medium,11,Sunday,6,1,True,Night,Medium,False
2026-01-11,2,Junction_C,111,50,Low,11,Sunday,6,1,True,Night,Low,False
2026-01-11,3,Junction_A,211,24,Medium,11,Sunday,6,1,True,Night,Medium,False
2026-01-11,3,Junction_B,85,50,Low,11,Sunday,6,1,True,Night,Low,False
2026-01-11,3,Junction_C,235,45,High,11,Sunday,6,1,True,Night,High,True
2026-01-11,4,Junction_A,90,27,Low,11,Sunday,6,1,True,Night,Low,False
2026-01-11,4,Junction_B,203,10,Medium,11,Sunday,6,1,True,Night,Medium,False
2026-01-11,4,Junction_C,150,60,Medium,11,Sunday,6,1,True,Night,Medium,False
2026-01-11,5,Junction_A,181,41,Medium,11,Sunday,6,1,True,Night,Medium,False
2026-01-11,5,Junction_B,60,24,Low,11,Sunday,6,1,True,Night,Low,False
2026-01-11,5,Junction_C,59,31,Low,11,Sunday,6,1,True,Night,Low,False
2026-01-11,6,Junction_A,291,14,High,11,Sunday,6,1,True,Morning,High,True
2026-01-11,6,Junction_B,161,11,Medium,11,Sunday,6,1,True,Morning,Medium,False
2026-01-11,6,Junction_C,207,30,Medium,11,Sunday,6,1,True,Morning,Medium,False
2026-01-11,7,Junction_A,276,28,High,11,Sunday,6,1,True,Morning,High,True
2026-01-11,7,Junction_B,299,57,High,11,Sunday,6,1,True,Morning,High,True
2026-01-11,7,Junction_C,169,30,Medium,11,Sunday,6,1,True,Morning,Medium,False
2026-01-11,8,Junction_A,242,10,High,11,Sunday,6,1,True,Morning,High,True
2026-01-11,8,Junction_B,157,13,Medium,11,Sunday,6,1,True,Morning,Medium,False
2026-01-11,8,Junction_C,167,53,Medium,11,Sunday,6,1,True,Morning,Medium,False
2026-01-11,9,Junction_A,88,52,Low,11,Sunday,6,1,True,Morning,Low,False
2026-01-11,9,Junction_B,157,47,Medium,11,Sunday,6,1,True,Morning,Medium,False
2026-01-11,9,Junction_C,196,16,Medium,11,Sunday,6,1,True,Morning,Medium,False
2026-01-11,10,Junction_A,251,18,High,11,Sunday,6,1,True,Morning,High,True
2026-01-11,10,Junction_B,142,19,Medium,11,Sunday,6,1,True,Morning,Medium,False
2026-01-11,10,Junction_C,230,30,High,11,Sunday,6,1,True,Morning,High,False
2026-01-11,11,Junction_A,65,22,Low,11,Sunday,6,1,True,Morning,Low,False
2026-01-11,11,Junction_B,205,14,Medium,11,Sunday,6,1,True,Morning,Medium,False
2026-01-11,11,Junction_C,188,17,Medium,11,Sunday,6,1,True,Morning,Medium,False
2026-01-11,12,Junction_A,91,52,Low,11,Sunday,6,1,True,Afternoon,Low,False
2026-01-11,12,Junction_B,118,13,Low,11,Sunday,6,1,True,Afternoon,Low,False
2026-01-11,12,Junction_C,92,13,Low,11,Sunday,6,1,True,Afternoon,Low,False
2026-01-11,13,Junction_A,108,33,Low,11,Sunday,6,1,True,Afternoon,Low,False
2026-01-11,13,Junction_B,119,24,Low,11,Sunday,6,1,True,Afternoon,Low,False
2026-01-11,13,Junction_C,287,45,High,11,Sunday,6,1,True,Afternoon,High,True
2026-01-11,14,Junction_A,196,52,Medium,11,Sunday,6,1,True,Afternoon,Medium,False
2026-01-11,14,Junction_B,190,35,Medium,11,Sunday,6,1,True,Afternoon,Medium,False
2026-01-11,14,Junction_C,277,36,High,11,Sunday,6,1,True,Afternoon,High,True
2026-01-11,15,Junction_A,282,37,High,11,Sunday,6,1,True,Afternoon,High,True
2026-01-11,15,Junction_B,189,45,Medium,11,Sunday,6,1,True,Afternoon,Medium,False
2026-01-11,15,Junction_C,279,38,High,11,Sunday,6,1,True,Afternoon,High,True
2026-01-11,16,Junction_A,191,17,Medium,11,Sunday,6,1,True,Afternoon,Medium,False
2026-01-11,16,Junction_B,194,19,Medium,11,Sunday,6,1,True,Afternoon,Medium,False
2026-01-11,16,Junction_C,108,55,Low,11,Sunday,6,1,True,Afternoon,Low,False
2026-01-11,17,Junction_A,277,16,High,11,Sunday,6,1,True,Evening,High,True
2026-01-11,17,Junction_B,179,11,Medium,11,Sunday,6,1,True,Evening,Medium,False
2026-01-11,17,Junction_C,215,41,Medium,11,Sunday,6,1,True,Evening,High,False
2026-01-11,18,Junction_A,284,19,High,11,Sunday,6,1,True,Evening,High,True
2026-01-11,18,Junction_B,81,17,Low,11,Sunday,6,1,True,Evening,Low,False
2026-01-11,18,Junction_C,249,28,High,11,Sunday,6,1,True,Evening,High,True
2026-01-11,19,Junction_A,128,49,Low,11,Sunday,6,1,True,Evening,Low,False
2026-01-11,19,Junction_B,65,30,Low,11,Sunday,6,1,True,Evening,Low,False
2026-01-11,19,Junction_C,84,36,Low,11,Sunday,6,1,True,Evening,Low,False
2026-01-11,20,Junction_A,282,27,High,11,Sunday,6,1,True,Evening,High,True
2026-01-11,20,Junction_B,267,33,High,11,Sunday,6,1,True,Evening,High,True
2026-01-11,20,Junction_C,68,27,Low,11,Sunday,6,1,True,Evening,Low,False
2026-01-11,21,Junction_A,191,45,Medium,11,Sunday,6,1,True,Night,Medium,False
2026-01-11,21,Junction_B,51,42,Low,11,Sunday,6,1,True,Night,Low,False
2026-01-11,21,Junction_C,193,53,Medium,11,Sunday,6,1,True,Night,Medium,False
2026-01-11,22,Junction_A,175,27,Medium,11,Sunday,6,1,True,Night,Medium,False
2026-01-11,22,Junction_B,180,23,Medium,11,Sunday,6,1,True,Night,Medium,False
2026-01-11,22,Junction_C,106,45,Low,11,Sunday,6,1,True,Night,Low,False
2026-01-11,23,Junction_A,72,32,Low,11,Sunday,6,1,True,Night,Low,False
2026-01-11,23,Junction_B,193,59,Medium,11,Sunday,6,1,True,Night,Medium,False
2026-01-11,23,Junction_C,130,56,Low,11,Sunday,6,1,True,Night,Low,False
2026-01-12,0,Junction_A,166,18,Medium,12,Monday,0,1,False,Night,Medium,False
2026-01-12,0,Junction_B,106,34,Low,12,Monday,0,1,False,Night,Low,False
2026-01-12,0,Junction_C,201,55,Medium,12,Monday,0,1,False,Night,Medium,False
2026-01-12,1,Junction_A,205,15,Medium,12,Monday,0,1,False,Night,Medium,False
2026-01-12,1,Junction_B,162,32,Medium,12,Monday,0,1,False,Night,Medium,False
2026-01-12,1,Junction_C,94,56,Low,12,Monday,0,1,False,Night,Low,False
2026-01-12,2,Junction_A,108,12,Low,12,Monday,0,1,False,Night,Low,False
2026-01-12,2,Junction_B,141,36,Medium,12,Monday,0,1,False,Night,Medium,False
2026-01-12,2,Junction_C,246,46,High,12,Monday,0,1,False,Night,High,True
2026-01-12,3,Junction_A,178,42,Medium,12,Monday,0,1,False,Night,Medium,False
2026-01-12,3,Junction_B,272,17,High,12,Monday,0,1,False,Night,High,True
2026-01-12,3,Junction_C,79,18,Low,12,Monday,0,1,False,Night,Low,False
2026-01-12,4,Junction_A,176,29,Medium,12,Monday,0,1,False,Night,Medium,False
2026-01-12,4,Junction_B,84,22,Low,12,Monday,0,1,False,Night,Low,False
2026-01-12,4,Junction_C,249,44,High,12,Monday,0,1,False,Night,High,True
2026-01-12,5,Junction_A,155,56,Medium,12,Monday,0,1,False,Night,Medium,False
2026-01-12,5,Junction_B,91,45,Low,12,Monday,0,1,False,Night,Low,False
2026-01-12,5,Junction_C,286,48,High,12,Monday,0,1,False,Night,High,True
2026-01-12,6,Junction_A,68,17,Low,12,Monday,0,1,False,Morning,Low,False
2026-01-12,6,Junction_B,208,30,Medium,12,Monday,0,1,False,Morning,Medium,False
2026-01-12,6,Junction_C,157,35,Medium,12,Monday,0,1,False,Morning,Medium,False
2026-01-12,7,Junction_A,55,43,Low,12,Monday,0,1,False,Morning,Low,False
2026-01-12,7,Junction_B,107,20,Low,12,Monday,0,1,False,Morning,Low,False
2026-01-12,7,Junction_C,153,15,Medium,12,Monday,0,1,False,Morning,Medium,False
2026-01-12,8,Junction_A,107,51,Low,12,Monday,0,1,False,Morning,Low,False
2026-01-12,8,Junction_B,256,40,High,12,Monday,0,1,False,Morning,High,True
2026-01-12,8,Junction_C,176,31,Medium,12,Monday,0,1,False,Morning,Medium,False
2026-01-12,9,Junction_A,247,10,High,12,Monday,0,1,False,Morning,High,True
2026-01-12,9,Junction_B,129,27,Low,12,Monday,0,1,False,Morning,Low,False
2026-01-12,9,Junction_C,164,20,Medium,12,Monday,0,1,False,Morning,Medium,False
2026-01-12,10,Junction_A,69,25,Low,12,Monday,0,1,False,Morning,Low,False
2026-01-12,10,Junction_B,54,35,Low,12,Monday,0,1,False,Morning,Low,False
2026-01-12,10,Junction_C,297,47,High,12,Monday,0,1,False,Morning,High,True
2026-01-12,11,Junction_A,101,37,Low,12,Monday,0,1,False,Morning,Low,False
2026-01-12,11,Junction_B,171,56,Medium,12,Monday,0,1,False,Morning,Medium,False
2026-01-12,11,Junction_C,281,29,High,12,Monday,0,1,False,Morning,High,True
2026-01-12,12,Junction_A,108,53,Low,12,Monday,0,1,False,Afternoon,Low,False
2026-01-12,12,Junction_B,278,49,High,12,Monday,0,1,False,Afternoon,High,True
2026-01-12,12,Junction_C,199,29,Medium,12,Monday,0,1,False,Afternoon,Medium,False
2026-01-12,13,Junction_A,134,37,Low,12,Monday,0,1,False,Afternoon,Medium,False
2026-01-12,13,Junction_B,115,56,Low,12,Monday,0,1,False,Afternoon,Low,False
2026-01-12,13,Junction_C,152,40,Medium,12,Monday,0,1,False,Afternoon,Medium,False
2026-01-12,14,Junction_A,252,37,High,12,Monday,0,1,False,Afternoon,High,True
2026-01-12,14,Junction_B,300,21,High,12,Monday,0,1,False,Afternoon,High,True
2026-01-12,14,Junction_C,187,10,Medium,12,Monday,0,1,False,Afternoon,Medium,False
2026-01-12,15,Junction_A,218,55,Medium,12,Monday,0,1,False,Afternoon,High,False
2026-01-12,15,Junction_B,256,40,High,12,Monday,0,1,False,Afternoon,High,True
2026-01-12,15,Junction_C,156,45,Medium,12,Monday,0,1,False,Afternoon,Medium,False
2026-01-12,16,Junction_A,243,16,High,12,Monday,0,1,False,Afternoon,High,True
2026-01-12,16,Junction_B,192,54,Medium,12,Monday,0,1,False,Afternoon,Medium,False
2026-01-12,16,Junction_C,79,29,Low,12,Monday,0,1,False,Afternoon,Low,False
2026-01-12,17,Junction_A,135,39,Low,12,Monday,0,1,False,Evening,Medium,False
2026-01-12,17,Junction_B,121,33,Low,12,Monday,0,1,False,Evening,Low,False
2026-01-12,17,Junction_C,176,39,Medium,12,Monday,0,1,False,Evening,Medium,False
2026-01-12,18,Junction_A,265,45,High,12,Monday,0,1,False,Evening,High,True
2026-01-12,18,Junction_B,247,26,High,12,Monday,0,1,False,Evening,High,True
2026-01-12,18,Junction_C,206,45,Medium,12,Monday,0,1,False,Evening,Medium,False
2026-01-12,19,Junction_A,141,42,Medium,12,Monday,0,1,False,Evening,Medium,False
2026-01-12,19,Junction_B,92,25,Low,12,Monday,0,1,False,Evening,Low,False
2026-01-12,19,Junction_C,244,44,High,12,Monday,0,1,False,Evening,High,True
2026-01-12,20,Junction_A,154,21,Medium,12,Monday,0,1,False,Evening,Medium,False
2026-01-12,20,Junction_B,243,41,High,12,Monday,0,1,False,Evening,High,True
2026-01-12,20,Junction_C,190,23,Medium,12,Monday,0,1,False,Evening,Medium,False
2026-01-12,21,Junction_A,70,45,Low,12,Monday,0,1,False,Night,Low,False
2026-01-12,21,Junction_B,211,50,Medium,12,Monday,0,1,False,Night,Medium,False
2026-01-12,21,Junction_C,246,55,High,12,Monday,0,1,False,Night,High,True
2026-01-12,22,Junction_A,52,21,Low,12,Monday,0,1,False,Night,Low,False
2026-01-12,22,Junction_B,99,52,Low,12,Monday,0,1,False,Night,Low,False
2026-01-12,22,Junction_C,156,29,Medium,12,Monday,0,1,False,Night,Medium,False
2026-01-12,23,Junction_A,153,58,Medium,12,Monday,0,1,False,Night,Medium,False
2026-01-12,23,Junction_B,57,21,Low,12,Monday,0,1,False,Night,Low,False
2026-01-12,23,Junction_C,300,53,High,12,Monday,0,1,False,Night,High,True
2026-01-13,0,Junction_A,268,40,High,13,Tuesday,1,1,False,Night,High,True
2026-01-13,0,Junction_B,115,24,Low,13,Tuesday,1,1,False,Night,Low,False
2026-01-13,0,Junction_C,296,25,High,13,Tuesday,1,1,False,Night,High,True
2026-01-13,1,Junction_A,187,60,Medium,13,Tuesday,1,1,False,Night,Medium,False
2026-01-13,1,Junction_B,276,53,High,13,Tuesday,1,1,False,Night,High,True
2026-01-13,1,Junction_C,134,43,Low,13,Tuesday,1,1,False,Night,Medium,False
2026-01-13,2,Junction_A,138,30,Low,13,Tuesday,1,1,False,Night,Medium,False
2026-01-13,2,Junction_B,234,53,High,13,Tuesday,1,1,False,Night,High,False
2026-01-13,2,Junction_C,120,48,Low,13,Tuesday,1,1,False,Night,Low,False
2026-01-13,3,Junction_A,153,53,Medium,13,Tuesday,1,1,False,Night,Medium,False
2026-01-13,3,Junction_B,80,35,Low,13,Tuesday,1,1,False,Night,Low,False
2026-01-13,3,Junction_C,270,36,High,13,Tuesday,1,1,False,Night,High,True
2026-01-13,4,Junction_A,238,25,High,13,Tuesday,1,1,False,Night,High,True
2026-01-13,4,Junction_B,216,51,Medium,13,Tuesday,1,1,False,Night,High,False
2026-01-13,4,Junction_C,105,34,Low,13,Tuesday,1,1,False,Night,Low,False
2026-01-13,5,Junction_A,229,53,High,13,Tuesday,1,1,False,Night,High,False
2026-01-13,5,Junction_B,159,57,Medium,13,Tuesday,1,1,False,Night,Medium,False
2026-01-13,5,Junction_C,147,19,Medium,13,Tuesday,1,1,False,Night,Medium,False
2026-01-13,6,Junction_A,274,14,High,13,Tuesday,1,1,False,Morning,High,True
2026-01-13,6,Junction_B,178,52,Medium,13,Tuesday,1,1,False,Morning,Medium,False
2026-01-13,6,Junction_C,263,27,High,13,Tuesday,1,1,False,Morning,High,True
2026-01-13,7,Junction_A,103,28,Low,13,Tuesday,1,1,False,Morning,Low,False
2026-01-13,7,Junction_B,119,57,Low,13,Tuesday,1,1,False,Morning,Low,False
2026-01-13,7,Junction_C,104,25,Low,13,Tuesday,1,1,False,Morning,Low,False
2026-01-13,8,Junction_A,198,36,Medium,13,Tuesday,1,1,False,Morning,Medium,False
2026-01-13,8,Junction_B,148,46,Medium,13,Tuesday,1,1,False,Morning,Medium,False
2026-01-13,8,Junction_C,63,21,Low,13,Tuesday,1,1,False,Morning,Low,False
2026-01-13,9,Junction_A,131,23,Low,13,Tuesday,1,1,False,Morning,Low,False
2026-01-13,9,Junction_B,224,43,High,13,Tuesday,1,1,False,Morning,High,False
2026-01-13,9,Junction_C,232,20,High,13,Tuesday,1,1,False,Morning,High,False
2026-01-13,10,Junction_A,250,12,High,13,Tuesday,1,1,False,Morning,High,True
2026-01-13,10,Junction_B,62,44,Low,13,Tuesday,1,1,False,Morning,Low,False
2026-01-13,10,Junction_C,166,60,Medium,13,Tuesday,1,1,False,Morning,Medium,False
2026-01-13,11,Junction_A,211,19,Medium,13,Tuesday,1,1,False,Morning,Medium,False
2026-01-13,11,Junction_B,53,58,Low,13,Tuesday,1,1,False,Morning,Low,False
2026-01-13,11,Junction_C,84,21,Low,13,Tuesday,1,1,False,Morning,Low,False
2026-01-13,12,Junction_A,299,39,High,13,Tuesday,1,1,False,Afternoon,High,True
2026-01-13,12,Junction_B,284,18,High,13,Tuesday,1,1,False,Afternoon,High,True
2026-01-13,12,Junction_C,194,27,Medium,13,Tuesday,1,1,False,Afternoon,Medium,False
2026-01-13,13,Junction_A,263,35,High,13,Tuesday,1,1,False,Afternoon,High,True
2026-01-13,13,Junction_B,198,55,Medium,13,Tuesday,1,1,False,Afternoon,Medium,False
2026-01-13,13,Junction_C,90,29,Low,13,Tuesday,1,1,False,Afternoon,Low,False
2026-01-13,14,Junction_A,197,33,Medium,13,Tuesday,1,1,False,Afternoon,Medium,False
2026-01-13,14,Junction_B,164,26,Medium,13,Tuesday,1,1,False,Afternoon,Medium,False
2026-01-13,14,Junction_C,87,29,Low,13,Tuesday,1,1,False,Afternoon,Low,False
2026-01-13,15,Junction_A,270,54,High,13,Tuesday,1,1,False,Afternoon,High,True
2026-01-13,15,Junction_B,265,45,High,13,Tuesday,1,1,False,Afternoon,High,True
2026-01-13,15,Junction_C,126,30,Low,13,Tuesday,1,1,False,Afternoon,Low,False
2026-01-13,16,Junction_A,127,59,Low,13,Tuesday,1,1,False,Afternoon,Low,False
2026-01-13,16,Junction_B,232,37,High,13,Tuesday,1,1,False,Afternoon,High,False
2026-01-13,16,Junction_C,282,30,High,13,Tuesday,1,1,False,Afternoon,High,True
2026-01-13,17,Junction_A,292,55,High,13,Tuesday,1,1,False,Evening,High,True
2026-01-13,17,Junction_B,66,51,Low,13,Tuesday,1,1,False,Evening,Low,False
2026-01-13,17,Junction_C,75,54,Low,13,Tuesday,1,1,False,Evening,Low,False
2026-01-13,18,Junction_A,199,27,Medium,13,Tuesday,1,1,False,Evening,Medium,False
2026-01-13,18,Junction_B,123,21,Low,13,Tuesday,1,1,False,Evening,Low,False
2026-01-13,18,Junction_C,80,34,Low,13,Tuesday,1,1,False,Evening,Low,False
2026-01-13,19,Junction_A,204,17,Medium,13,Tuesday,1,1,False,Evening,Medium,False
2026-01-13,19,Junction_B,249,14,High,13,Tuesday,1,1,False,Evening,High,True
2026-01-13,19,Junction_C,50,39,Low,13,Tuesday,1,1,False,Evening,Low,False
2026-01-13,20,Junction_A,84,56,Low,13,Tuesday,1,1,False,Evening,Low,False
2026-01-13,20,Junction_B,110,33,Low,13,Tuesday,1,1,False,Evening,Low,False
2026-01-13,20,Junction_C,192,48,Medium,13,Tuesday,1,1,False,Evening,Medium,False
2026-01-13,21,Junction_A,255,14,High,13,Tuesday,1,1,False,Night,High,True
2026-01-13,21,Junction_B,217,25,Medium,13,Tuesday,1,1,False,Night,High,False
2026-01-13,21,Junction_C,248,31,High,13,Tuesday,1,1,False,Night,High,True
2026-01-13,22,Junction_A,59,32,Low,13,Tuesday,1,1,False,Night,Low,False
2026-01-13,22,Junction_B,295,20,High,13,Tuesday,1,1,False,Night,High,True
2026-01-13,22,Junction_C,99,43,Low,13,Tuesday,1,1,False,Night,Low,False
2026-01-13,23,Junction_A,60,27,Low,13,Tuesday,1,1,False,Night,Low,False
2026-01-13,23,Junction_B,230,11,High,13,Tuesday,1,1,False,Night,High,False
2026-01-13,23,Junction_C,164,38,Medium,13,Tuesday,1,1,False,Night,Medium,False
2026-01-14,0,Junction_A,257,38,High,14,Wednesday,2,1,False,Night,High,True
2026-01-14,0,Junction_B,171,47,Medium,14,Wednesday,2,1,False,Night,Medium,False
2026-01-14,0,Junction_C,99,13,Low,14,Wednesday,2,1,False,Night,Low,False
2026-01-14,1,Junction_A,248,42,High,14,Wednesday,2,1,False,Night,High,True
2026-01-14,1,Junction_B,178,17,Medium,14,Wednesday,2,1,False,Night,Medium,False
2026-01-14,1,Junction_C,68,44,Low,14,Wednesday,2,1,False,Night,Low,False
2026-01-14,2,Junction_A,115,10,Low,14,Wednesday,2,1,False,Night,Low,False
2026-01-14,2,Junction_B,295,17,High,14,Wednesday,2,1,False,Night,High,True
2026-01-14,2,Junction_C,260,30,High,14,Wednesday,2,1,False,Night,High,True
2026-01-14,3,Junction_A,152,21,Medium,14,Wednesday,2,1,False,Night,Medium,False
2026-01-14,3,Junction_B,92,59,Low,14,Wednesday,2,1,False,Night,Low,False
2026-01-14,3,Junction_C,132,53,Low,14,Wednesday,2,1,False,Night,Low,False
2026-01-14,4,Junction_A,52,25,Low,14,Wednesday,2,1,False,Night,Low,False
2026-01-14,4,Junction_B,153,35,Medium,14,Wednesday,2,1,False,Night,Medium,False
2026-01-14,4,Junction_C,195,18,Medium,14,Wednesday,2,1,False,Night,Medium,False
2026-01-14,5,Junction_A,202,19,Medium,14,Wednesday,2,1,False,Night,Medium,False
2026-01-14,5,Junction_B,190,43,Medium,14,Wednesday,2,1,False,Night,Medium,False
2026-01-14,5,Junction_C,109,36,Low,14,Wednesday,2,1,False,Night,Low,False
2026-01-14,6,Junction_A,286,26,High,14,Wednesday,2,1,False,Morning,High,True
2026-01-14,6,Junction_B,213,39,Medium,14,Wednesday,2,1,False,Morning,Medium,False
2026-01-14,6,Junction_C,161,20,Medium,14,Wednesday,2,1,False,Morning,Medium,False
2026-01-14,7,Junction_A,114,26,Low,14,Wednesday,2,1,False,Morning,Low,False
2026-01-14,7,Junction_B,218,10,Medium,14,Wednesday,2,1,False,Morning,High,False
2026-01-14,7,Junction_C,146,60,Medium,14,Wednesday,2,1,False,Morning,Medium,False
2026-01-14,8,Junction_A,152,26,Medium,14,Wednesday,2,1,False,Morning,Medium,False
2026-01-14,8,Junction_B,186,28,Medium,14,Wednesday,2,1,False,Morning,Medium,False
2026-01-14,8,Junction_C,130,60,Low,14,Wednesday,2,1,False,Morning,Low,False
2026-01-14,9,Junction_A,104,28,Low,14,Wednesday,2,1,False,Morning,Low,False
2026-01-14,9,Junction_B,147,45,Medium,14,Wednesday,2,1,False,Morning,Medium,False
2026-01-14,9,Junction_C,267,24,High,14,Wednesday,2,1,False,Morning,High,True
2026-01-14,10,Junction_A,282,38,High,14,Wednesday,2,1,False,Morning,High,True
2026-01-14,10,Junction_B,56,31,Low,14,Wednesday,2,1,False,Morning,Low,False
2026-01-14,10,Junction_C,187,42,Medium,14,Wednesday,2,1,False,Morning,Medium,False
2026-01-14,11,Junction_A,157,12,Medium,14,Wednesday,2,1,False,Morning,Medium,False
2026-01-14,11,Junction_B,183,51,Medium,14,Wednesday,2,1,False,Morning,Medium,False
2026-01-14,11,Junction_C,247,59,High,14,Wednesday,2,1,False,Morning,High,True
2026-01-14,12,Junction_A,216,31,Medium,14,Wednesday,2,1,False,Afternoon,High,False
2026-01-14,12,Junction_B,111,21,Low,14,Wednesday,2,1,False,Afternoon,Low,False
2026-01-14,12,Junction_C,216,54,Medium,14,Wednesday,2,1,False,Afternoon,High,False
2026-01-14,13,Junction_A,300,19,High,14,Wednesday,2,1,False,Afternoon,High,True
2026-01-14,13,Junction_B,149,20,Medium,14,Wednesday,2,1,False,Afternoon,Medium,False
2026-01-14,13,Junction_C,292,11,High,14,Wednesday,2,1,False,Afternoon,High,True
2026-01-14,14,Junction_A,116,34,Low,14,Wednesday,2,1,False,Afternoon,Low,False
2026-01-14,14,Junction_B,199,29,Medium,14,Wednesday,2,1,False,Afternoon,Medium,False
2026-01-14,14,Junction_C,89,25,Low,14,Wednesday,2,1,False,Afternoon,Low,False
2026-01-14,15,Junction_A,185,57,Medium,14,Wednesday,2,1,False,Afternoon,Medium,False
2026-01-14,15,Junction_B,238,37,High,14,Wednesday,2,1,False,Afternoon,High,True
2026-01-14,15,Junction_C,254,18,High,14,Wednesday,2,1,False,Afternoon,High,True
2026-01-14,16,Junction_A,56,30,Low,14,Wednesday,2,1,False,Afternoon,Low,False
2026-01-14,16,Junction_B,288,21,High,14,Wednesday,2,1,False,Afternoon,High,True
2026-01-14,16,Junction_C,66,28,Low,14,Wednesday,2,1,False,Afternoon,Low,False
2026-01-14,17,Junction_A,165,48,Medium,14,Wednesday,2,1,False,Evening,Medium,False
2026-01-14,17,Junction_B,129,14,Low,14,Wednesday,2,1,False,Evening,Low,False
2026-01-14,17,Junction_C,104,32,Low,14,Wednesday,2,1,False,Evening,Low,False
2026-01-14,18,Junction_A,207,57,Medium,14,Wednesday,2,1,False,Evening,Medium,False
2026-01-14,18,Junction_B,125,19,Low,14,Wednesday,2,1,False,Evening,Low,False
2026-01-14,18,Junction_C,157,14,Medium,14,Wednesday,2,1,False,Evening,Medium,False
2026-01-14,19,Junction_A,249,22,High,14,Wednesday,2,1,False,Evening,High,True
2026-01-14,19,Junction_B,90,25,Low,14,Wednesday,2,1,False,Evening,Low,False
2026-01-14,19,Junction_C,166,46,Medium,14,Wednesday,2,1,False,Evening,Medium,False
2026-01-14,20,Junction_A,109,50,Low,14,Wednesday,2,1,False,Evening,Low,False
2026-01-14,20,Junction_B,223,37,High,14,Wednesday,2,1,False,Evening,High,False
2026-01-14,20,Junction_C,58,41,Low,14,Wednesday,2,1,False,Evening,Low,False
2026-01-14,21,Junction_A,54,37,Low,14,Wednesday,2,1,False,Night,Low,False
2026-01-14,21,Junction_B,209,25,Medium,14,Wednesday,2,1,False,Night,Medium,False
2026-01-14,21,Junction_C,130,53,Low,14,Wednesday,2,1,False,Night,Low,False
2026-01-14,22,Junction_A,151,14,Medium,14,Wednesday,2,1,False,Night,Medium,False
2026-01-14,22,Junction_B,122,54,Low,14,Wednesday,2,1,False,Night,Low,False
2026-01-14,22,Junction_C,201,60,Medium,14,Wednesday,2,1,False,Night,Medium,False
2026-01-14,23,Junction_A,274,38,High,14,Wednesday,2,1,False,Night,High,True
2026-01-14,23,Junction_B,98,22,Low,14,Wednesday,2,1,False,Night,Low,False
2026-01-14,23,Junction_C,177,26,Medium,14,Wednesday,2,1,False,Night,Medium,False
2026-01-15,0,Junction_A,129,47,Low,15,Thursday,3,1,False,Night,Low,False
2026-01-15,0,Junction_B,205,56,Medium,15,Thursday,3,1,False,Night,Medium,False
2026-01-15,0,Junction_C,251,13,High,15,Thursday,3,1,False,Night,High,True
2026-01-15,1,Junction_A,163,50,Medium,15,Thursday,3,1,False,Night,Medium,False
2026-01-15,1,Junction_B,135,19,Low,15,Thursday,3,1,False,Night,Medium,False
2026-01-15,1,Junction_C,278,30,High,15,Thursday,3,1,False,Night,High,True
2026-01-15,2,Junction_A,109,34,Low,15,Thursday,3,1,False,Night,Low,False
2026-01-15,2,Junction_B,289,29,High,15,Thursday,3,1,False,Night,High,True
2026-01-15,2,Junction_C,146,38,Medium,15,Thursday,3,1,False,Night,Medium,False
2026-01-15,3,Junction_A,69,46,Low,15,Thursday,3,1,False,Night,Low,False
2026-01-15,3,Junction_B,140,50,Low,15,Thursday,3,1,False,Night,Medium,False
2026-01-15,3,Junction_C,199,12,Medium,15,Thursday,3,1,False,Night,Medium,False
2026-01-15,4,Junction_A,288,41,High,15,Thursday,3,1,False,Night,High,True
2026-01-15,4,Junction_B,166,25,Medium,15,Thursday,3,1,False,Night,Medium,False
2026-01-15,4,Junction_C,62,36,Low,15,Thursday,3,1,False,Night,Low,False
2026-01-15,5,Junction_A,156,53,Medium,15,Thursday,3,1,False,Night,Medium,False
2026-01-15,5,Junction_B,82,56,Low,15,Thursday,3,1,False,Night,Low,False
2026-01-15,5,Junction_C,298,31,High,15,Thursday,3,1,False,Night,High,True
2026-01-15,6,Junction_A,197,54,Medium,15,Thursday,3,1,False,Morning,Medium,False
2026-01-15,6,Junction_B,255,52,High,15,Thursday,3,1,False,Morning,High,True
2026-01-15,6,Junction_C,179,47,Medium,15,Thursday,3,1,False,Morning,Medium,False
2026-01-15,7,Junction_A,134,51,Low,15,Thursday,3,1,False,Morning,Medium,False
2026-01-15,7,Junction_B,96,21,Low,15,Thursday,3,1,False,Morning,Low,False
2026-01-15,7,Junction_C,258,14,High,15,Thursday,3,1,False,Morning,High,True
2026-01-15,8,Junction_A,144,19,Medium,15,Thursday,3,1,False,Morning,Medium,False
2026-01-15,8,Junction_B,69,39,Low,15,Thursday,3,1,False,Morning,Low,False
2026-01-15,8,Junction_C,141,26,Medium,15,Thursday,3,1,False,Morning,Medium,False
2026-01-15,9,Junction_A,272,57,High,15,Thursday,3,1,False,Morning,High,True
2026-01-15,9,Junction_B,102,35,Low,15,Thursday,3,1,False,Morning,Low,False
2026-01-15,9,Junction_C,288,36,High,15,Thursday,3,1,False,Morning,High,True
2026-01-15,10,Junction_A,272,46,High,15,Thursday,3,1,False,Morning,High,True
2026-01-15,10,Junction_B,177,54,Medium,15,Thursday,3,1,False,Morning,Medium,False
2026-01-15,10,Junction_C,240,39,High,15,Thursday,3,1,False,Morning,High,True
2026-01-15,11,Junction_A,93,17,Low,15,Thursday,3,1,False,Morning,Low,False
2026-01-15,11,Junction_B,197,26,Medium,15,Thursday,3,1,False,Morning,Medium,False
2026-01-15,11,Junction_C,224,21,High,15,Thursday,3,1,False,Morning,High,False
2026-01-15,12,Junction_A,160,40,Medium,15,Thursday,3,1,False,Afternoon,Medium,False
2026-01-15,12,Junction_B,131,29,Low,15,Thursday,3,1,False,Afternoon,Low,False
2026-01-15,12,Junction_C,296,38,High,15,Thursday,3,1,False,Afternoon,High,True
2026-01-15,13,Junction_A,143,15,Medium,15,Thursday,3,1,False,Afternoon,Medium,False
2026-01-15,13,Junction_B,90,26,Low,15,Thursday,3,1,False,Afternoon,Low,False
2026-01-15,13,Junction_C,122,60,Low,15,Thursday,3,1,False,Afternoon,Low,False
2026-01-15,14,Junction_A,161,47,Medium,15,Thursday,3,1,False,Afternoon,Medium,False
2026-01-15,14,Junction_B,153,37,Medium,15,Thursday,3,1,False,Afternoon,Medium,False
2026-01-15,14,Junction_C,96,25,Low,15,Thursday,3,1,False,Afternoon,Low,False
2026-01-15,15,Junction_A,199,53,Medium,15,Thursday,3,1,False,Afternoon,Medium,False
2026-01-15,15,Junction_B,192,30,Medium,15,Thursday,3,1,False,Afternoon,Medium,False
2026-01-15,15,Junction_C,202,59,Medium,15,Thursday,3,1,False,Afternoon,Medium,False
2026-01-15,16,Junction_A,223,54,High,15,Thursday,3,1,False,Afternoon,High,False
2026-01-15,16,Junction_B,194,43,Medium,15,Thursday,3,1,False,Afternoon,Medium,False
2026-01-15,16,Junction_C,280,34,High,15,Thursday,3,1,False,Afternoon,High,True
2026-01-15,17,Junction_A,51,22,Low,15,Thursday,3,1,False,Evening,Low,False
2026-01-15,17,Junction_B,186,11,Medium,15,Thursday,3,1,False,Evening,Medium,False
2026-01-15,17,Junction_C,73,11,Low,15,Thursday,3,1,False,Evening,Low,False
2026-01-15,18,Junction_A,128,54,Low,15,Thursday,3,1,False,Evening,Low,False
2026-01-15,18,Junction_B,121,53,Low,15,Thursday,3,1,False,Evening,Low,False
2026-01-15,18,Junction_C,155,29,Medium,15,Thursday,3,1,False,Evening,Medium,False
2026-01-15,19,Junction_A,151,40,Medium,15,Thursday,3,1,False,Evening,Medium,False
2026-01-15,19,Junction_B,56,60,Low,15,Thursday,3,1,False,Evening,Low,False
2026-01-15,19,Junction_C,230,30,High,15,Thursday,3,1,False,Evening,High,False
2026-01-15,20,Junction_A,197,27,Medium,15,Thursday,3,1,False,Evening,Medium,False
2026-01-15,20,Junction_B,172,60,Medium,15,Thursday,3,1,False,Evening,Medium,False
2026-01-15,20,Junction_C,105,16,Low,15,Thursday,3,1,False,Evening,Low,False
2026-01-15,21,Junction_A,59,25,Low,15,Thursday,3,1,False,Night,Low,False
2026-01-15,21,Junction_B,116,57,Low,15,Thursday,3,1,False,Night,Low,False
2026-01-15,21,Junction_C,201,28,Medium,15,Thursday,3,1,False,Night,Medium,False
2026-01-15,22,Junction_A,238,60,High,15,Thursday,3,1,False,Night,High,True
2026-01-15,22,Junction_B,82,46,Low,15,Thursday,3,1,False,Night,Low,False
2026-01-15,22,Junction_C,289,47,High,15,Thursday,3,1,False,Night,High,True
2026-01-15,23,Junction_A,240,39,High,15,Thursday,3,1,False,Night,High,True
2026-01-15,23,Junction_B,255,18,High,15,Thursday,3,1,False,Night,High,True
2026-01-15,23,Junction_C,168,34,Medium,15,Thursday,3,1,False,Night,Medium,False
2026-01-16,0,Junction_A,120,18,Low,16,Friday,4,1,False,Night,Low,False
2026-01-16,0,Junction_B,300,19,High,16,Friday,4,1,False,Night,High,True
2026-01-16,0,Junction_C,160,51,Medium,16,Friday,4,1,False,Night,Medium,False
2026-01-16,1,Junction_A,78,46,Low,16,Friday,4,1,False,Night,Low,False
2026-01-16,1,Junction_B,196,28,Medium,16,Friday,4,1,False,Night,Medium,False
2026-01-16,1,Junction_C,232,46,High,16,Friday,4,1,False,Night,High,False
2026-01-16,2,Junction_A,182,51,Medium,16,Friday,4,1,False,Night,Medium,False
2026-01-16,2,Junction_B,146,45,Medium,16,Friday,4,1,False,Night,Medium,False
2026-01-16,2,Junction_C,238,30,High,16,Friday,4,1,False,Night,High,True
2026-01-16,3,Junction_A,231,34,High,16,Friday,4,1,False,Night,High,False
2026-01-16,3,Junction_B,226,54,High,16,Friday,4,1,False,Night,High,False
2026-01-16,3,Junction_C,105,58,Low,16,Friday,4,1,False,Night,Low,False
2026-01-16,4,Junction_A,220,19,Medium,16,Friday,4,1,False,Night,High,False
2026-01-16,4,Junction_B,291,15,High,16,Friday,4,1,False,Night,High,True
2026-01-16,4,Junction_C,68,39,Low,16,Friday,4,1,False,Night,Low,False
2026-01-16,5,Junction_A,191,11,Medium,16,Friday,4,1,False,Night,Medium,False
2026-01-16,5,Junction_B,140,45,Low,16,Friday,4,1,False,Night,Medium,False
2026-01-16,5,Junction_C,248,18,High,16,Friday,4,1,False,Night,High,True
2026-01-16,6,Junction_A,122,51,Low,16,Friday,4,1,False,Morning,Low,False
2026-01-16,6,Junction_B,124,21,Low,16,Friday,4,1,False,Morning,Low,False
2026-01-16,6,Junction_C,136,22,Low,16,Friday,4,1,False,Morning,Medium,False
2026-01-16,7,Junction_A,163,15,Medium,16,Friday,4,1,False,Morning,Medium,False
2026-01-16,7,Junction_B,106,39,Low,16,Friday,4,1,False,Morning,Low,False
2026-01-16,7,Junction_C,144,38,Medium,16,Friday,4,1,False,Morning,Medium,False
2026-01-16,8,Junction_A,292,29,High,16,Friday,4,1,False,Morning,High,True
2026-01-16,8,Junction_B,184,57,Medium,16,Friday,4,1,False,Morning,Medium,False
2026-01-16,8,Junction_C,280,29,High,16,Friday,4,1,False,Morning,High,True
2026-01-16,9,Junction_A,253,45,High,16,Friday,4,1,False,Morning,High,True
2026-01-16,9,Junction_B,125,17,Low,16,Friday,4,1,False,Morning,Low,False
2026-01-16,9,Junction_C,73,14,Low,16,Friday,4,1,False,Morning,Low,False
2026-01-16,10,Junction_A,130,19,Low,16,Friday,4,1,False,Morning,Low,False
2026-01-16,10,Junction_B,86,33,Low,16,Friday,4,1,False,Morning,Low,False
2026-01-16,10,Junction_C,112,15,Low,16,Friday,4,1,False,Morning,Low,False
2026-01-16,11,Junction_A,71,36,Low,16,Friday,4,1,False,Morning,Low,False
2026-01-16,11,Junction_B,137,19,Low,16,Friday,4,1,False,Morning,Medium,False
2026-01-16,11,Junction_C,60,54,Low,16,Friday,4,1,False,Morning,Low,False
2026-01-16,12,Junction_A,215,18,Medium,16,Friday,4,1,False,Afternoon,High,False
2026-01-16,12,Junction_B,196,54,Medium,16,Friday,4,1,False,Afternoon,Medium,False
2026-01-16,12,Junction_C,197,12,Medium,16,Friday,4,1,False,Afternoon,Medium,False
2026-01-16,13,Junction_A,110,45,Low,16,Friday,4,1,False,Afternoon,Low,False
2026-01-16,13,Junction_B,154,27,Medium,16,Friday,4,1,False,Afternoon,Medium,False
2026-01-16,13,Junction_C,67,10,Low,16,Friday,4,1,False,Afternoon,Low,False
2026-01-16,14,Junction_A,257,57,High,16,Friday,4,1,False,Afternoon,High,True
2026-01-16,14,Junction_B,77,27,Low,16,Friday,4,1,False,Afternoon,Low,False
2026-01-16,14,Junction_C,272,25,High,16,Friday,4,1,False,Afternoon,High,True
2026-01-16,15,Junction_A,168,12,Medium,16,Friday,4,1,False,Afternoon,Medium,False
2026-01-16,15,Junction_B,106,24,Low,16,Friday,4,1,False,Afternoon,Low,False
2026-01-16,15,Junction_C,206,30,Medium,16,Friday,4,1,False,Afternoon,Medium,False
2026-01-16,16,Junction_A,230,44,High,16,Friday,4,1,False,Afternoon,High,False
2026-01-16,16,Junction_B,300,42,High,16,Friday,4,1,False,Afternoon,High,True
2026-01-16,16,Junction_C,155,44,Medium,16,Friday,4,1,False,Afternoon,Medium,False
2026-01-16,17,Junction_A,86,54,Low,16,Friday,4,1,False,Evening,Low,False
2026-01-16,17,Junction_B,208,54,Medium,16,Friday,4,1,False,Evening,Medium,False
2026-01-16,17,Junction_C,192,15,Medium,16,Friday,4,1,False,Evening,Medium,False
2026-01-16,18,Junction_A,122,56,Low,16,Friday,4,1,False,Evening,Low,False
2026-01-16,18,Junction_B,192,20,Medium,16,Friday,4,1,False,Evening,Medium,False
2026-01-16,18,Junction_C,134,26,Low,16,Friday,4,1,False,Evening,Medium,False
2026-01-16,19,Junction_A,66,43,Low,16,Friday,4,1,False,Evening,Low,False
2026-01-16,19,Junction_B,120,26,Low,16,Friday,4,1,False,Evening,Low,False
2026-01-16,19,Junction_C,122,57,Low,16,Friday,4,1,False,Evening,Low,False
2026-01-16,20,Junction_A,141,12,Medium,16,Friday,4,1,False,Evening,Medium,False
2026-01-16,20,Junction_B,264,38,High,16,Friday,4,1,False,Evening,High,True
2026-01-16,20,Junction_C,61,50,Low,16,Friday,4,1,False,Evening,Low,False
2026-01-16,21,Junction_A,259,52,High,16,Friday,4,1,False,Night,High,True
2026-01-16,21,Junction_B,157,22,Medium,16,Friday,4,1,False,Night,Medium,False
2026-01-16,21,Junction_C,144,13,Medium,16,Friday,4,1,False,Night,Medium,False
2026-01-16,22,Junction_A,253,54,High,16,Friday,4,1,False,Night,High,True
2026-01-16,22,Junction_B,240,48,High,16,Friday,4,1,False,Night,High,True
2026-01-16,22,Junction_C,258,45,High,16,Friday,4,1,False,Night,High,True
2026-01-16,23,Junction_A,201,26,Medium,16,Friday,4,1,False,Night,Medium,False
2026-01-16,23,Junction_B,191,46,Medium,16,Friday,4,1,False,Night,Medium,False
2026-01-16,23,Junction_C,254,29,High,16,Friday,4,1,False,Night,High,True
2026-01-17,0,Junction_A,129,55,Low,17,Saturday,5,1,True,Night,Low,False
2026-01-17,0,Junction_B,139,30,Low,17,Saturday,5,1,True,Night,Medium,False
2026-01-17,0,Junction_C,209,33,Medium,17,Saturday,5,1,True,Night,Medium,False
2026-01-17,1,Junction_A,130,11,Low,17,Saturday,5,1,True,Night,Low,False
2026-01-17,1,Junction_B,125,32,Low,17,Saturday,5,1,True,Night,Low,False
2026-01-17,1,Junction_C,150,60,Medium,17,Saturday,5,1,True,Night,Medium,False
2026-01-17,2,Junction_A,154,41,Medium,17,Saturday,5,1,True,Night,Medium,False
2026-01-17,2,Junction_B,180,18,Medium,17,Saturday,5,1,True,Night,Medium,False
2026-01-17,2,Junction_C,117,23,Low,17,Saturday,5,1,True,Night,Low,False
2026-01-17,3,Junction_A,165,21,Medium,17,Saturday,5,1,True,Night,Medium,False
2026-01-17,3,Junction_B,104,26,Low,17,Saturday,5,1,True,Night,Low,False
2026-01-17,3,Junction_C,221,33,High,17,Saturday,5,1,True,Night,High,False
2026-01-17,4,Junction_A,149,57,Medium,17,Saturday,5,1,True,Night,Medium,False
2026-01-17,4,Junction_B,75,44,Low,17,Saturday,5,1,True,Night,Low,False
2026-01-17,4,Junction_C,114,24,Low,17,Saturday,5,1,True,Night,Low,False
2026-01-17,5,Junction_A,144,16,Medium,17,Saturday,5,1,True,Night,Medium,False
2026-01-17,5,Junction_B,266,52,High,17,Saturday,5,1,True,Night,High,True
2026-01-17,5,Junction_C,265,38,High,17,Saturday,5,1,True,Night,High,True
2026-01-17,6,Junction_A,192,26,Medium,17,Saturday,5,1,True,Morning,Medium,False
2026-01-17,6,Junction_B,240,52,High,17,Saturday,5,1,True,Morning,High,True
2026-01-17,6,Junction_C,168,51,Medium,17,Saturday,5,1,True,Morning,Medium,False
2026-01-17,7,Junction_A,229,18,High,17,Saturday,5,1,True,Morning,High,False
2026-01-17,7,Junction_B,213,41,Medium,17,Saturday,5,1,True,Morning,Medium,False
2026-01-17,7,Junction_C,288,15,High,17,Saturday,5,1,True,Morning,High,True
2026-01-17,8,Junction_A,296,13,High,17,Saturday,5,1,True,Morning,High,True
2026-01-17,8,Junction_B,277,23,High,17,Saturday,5,1,True,Morning,High,True
2026-01-17,8,Junction_C,90,31,Low,17,Saturday,5,1,True,Morning,Low,False
2026-01-17,9,Junction_A,169,55,Medium,17,Saturday,5,1,True,Morning,Medium,False
2026-01-17,9,Junction_B,270,40,High,17,Saturday,5,1,True,Morning,High,True
2026-01-17,9,Junction_C,174,55,Medium,17,Saturday,5,1,True,Morning,Medium,False
2026-01-17,10,Junction_A,280,60,High,17,Saturday,5,1,True,Morning,High,True
2026-01-17,10,Junction_B,101,27,Low,17,Saturday,5,1,True,Morning,Low,False
2026-01-17,10,Junction_C,184,47,Medium,17,Saturday,5,1,True,Morning,Medium,False
2026-01-17,11,Junction_A,220,11,Medium,17,Saturday,5,1,True,Morning,High,False
2026-01-17,11,Junction_B,217,36,Medium,17,Saturday,5,1,True,Morning,High,False
2026-01-17,11,Junction_C,74,24,Low,17,Saturday,5,1,True,Morning,Low,False
2026-01-17,12,Junction_A,223,21,High,17,Saturday,5,1,True,Afternoon,High,False
2026-01-17,12,Junction_B,176,51,Medium,17,Saturday,5,1,True,Afternoon,Medium,False
2026-01-17,12,Junction_C,77,53,Low,17,Saturday,5,1,True,Afternoon,Low,False
2026-01-17,13,Junction_A,239,15,High,17,Saturday,5,1,True,Afternoon,High,True
2026-01-17,13,Junction_B,128,48,Low,17,Saturday,5,1,True,Afternoon,Low,False
2026-01-17,13,Junction_C,224,12,High,17,Saturday,5,1,True,Afternoon,High,False
2026-01-17,14,Junction_A,214,37,Medium,17,Saturday,5,1,True,Afternoon,High,False
2026-01-17,14,Junction_B,261,14,High,17,Saturday,5,1,True,Afternoon,High,True
2026-01-17,14,Junction_C,86,44,Low,17,Saturday,5,1,True,Afternoon,Low,False
2026-01-17,15,Junction_A,277,36,High,17,Saturday,5,1,True,Afternoon,High,True
2026-01-17,15,Junction_B,248,48,High,17,Saturday,5,1,True,Afternoon,High,True
2026-01-17,15,Junction_C,287,41,High,17,Saturday,5,1,True,Afternoon,High,True
2026-01-17,16,Junction_A,209,41,Medium,17,Saturday,5,1,True,Afternoon,Medium,False
2026-01-17,16,Junction_B,93,26,Low,17,Saturday,5,1,True,Afternoon,Low,False
2026-01-17,16,Junction_C,168,49,Medium,17,Saturday,5,1,True,Afternoon,Medium,False
2026-01-17,17,Junction_A,182,32,Medium,17,Saturday,5,1,True,Evening,Medium,False
2026-01-17,17,Junction_B,200,43,Medium,17,Saturday,5,1,True,Evening,Medium,False
2026-01-17,17,Junction_C,93,40,Low,17,Saturday,5,1,True,Evening,Low,False
2026-01-17,18,Junction_A,86,23,Low,17,Saturday,5,1,True,Evening,Low,False
2026-01-17,18,Junction_B,271,50,High,17,Saturday,5,1,True,Evening,High,True
2026-01-17,18,Junction_C,157,28,Medium,17,Saturday,5,1,True,Evening,Medium,False
2026-01-17,19,Junction_A,291,10,High,17,Saturday,5,1,True,Evening,High,True
2026-01-17,19,Junction_B,132,23,Low,17,Saturday,5,1,True,Evening,Low,False
2026-01-17,19,Junction_C,108,18,Low,17,Saturday,5,1,True,Evening,Low,False
2026-01-17,20,Junction_A,114,35,Low,17,Saturday,5,1,True,Evening,Low,False
2026-01-17,20,Junction_B,182,28,Medium,17,Saturday,5,1,True,Evening,Medium,False
2026-01-17,20,Junction_C,126,30,Low,17,Saturday,5,1,True,Evening,Low,False
2026-01-17,21,Junction_A,266,32,High,17,Saturday,5,1,True,Night,High,True
2026-01-17,21,Junction_B,262,29,High,17,Saturday,5,1,True,Night,High,True
2026-01-17,21,Junction_C,141,24,Medium,17,Saturday,5,1,True,Night,Medium,False
2026-01-17,22,Junction_A,215,54,Medium,17,Saturday,5,1,True,Night,High,False
2026-01-17,22,Junction_B,143,31,Medium,17,Saturday,5,1,True,Night,Medium,False
2026-01-17,22,Junction_C,137,52,Low,17,Saturday,5,1,True,Night,Medium,False
2026-01-17,23,Junction_A,138,19,Low,17,Saturday,5,1,True,Night,Medium,False
2026-01-17,23,Junction_B,287,14,High,17,Saturday,5,1,True,Night,High,True
2026-01-17,23,Junction_C,272,45,High,17,Saturday,5,1,True,Night,High,True
2026-01-18,0,Junction_A,66,19,Low,18,Sunday,6,1,True,Night,Low,False
2026-01-18,0,Junction_B,242,51,High,18,Sunday,6,1,True,Night,High,True
2026-01-18,0,Junction_C,173,24,Medium,18,Sunday,6,1,True,Night,Medium,False
2026-01-18,1,Junction_A,145,15,Medium,18,Sunday,6,1,True,Night,Medium,False
2026-01-18,1,Junction_B,151,43,Medium,18,Sunday,6,1,True,Night,Medium,False
2026-01-18,1,Junction_C,154,45,Medium,18,Sunday,6,1,True,Night,Medium,False
2026-01-18,2,Junction_A,105,47,Low,18,Sunday,6,1,True,Night,Low,False
2026-01-18,2,Junction_B,163,25,Medium,18,Sunday,6,1,True,Night,Medium,False
2026-01-18,2,Junction_C,184,35,Medium,18,Sunday,6,1,True,Night,Medium,False
2026-01-18,3,Junction_A,66,46,Low,18,Sunday,6,1,True,Night,Low,False
2026-01-18,3,Junction_B,93,24,Low,18,Sunday,6,1,True,Night,Low,False
2026-01-18,3,Junction_C,127,58,Low,18,Sunday,6,1,True,Night,Low,False
2026-01-18,4,Junction_A,238,41,High,18,Sunday,6,1,True,Night,High,True
2026-01-18,4,Junction_B,267,39,High,18,Sunday,6,1,True,Night,High,True
2026-01-18,4,Junction_C,173,10,Medium,18,Sunday,6,1,True,Night,Medium,False
2026-01-18,5,Junction_A,282,47,High,18,Sunday,6,1,True,Night,High,True
2026-01-18,5,Junction_B,217,40,Medium,18,Sunday,6,1,True,Night,High,False
2026-01-18,5,Junction_C,71,11,Low,18,Sunday,6,1,True,Night,Low,False
2026-01-18,6,Junction_A,214,40,Medium,18,Sunday,6,1,True,Morning,High,False
2026-01-18,6,Junction_B,248,29,High,18,Sunday,6,1,True,Morning,High,True
2026-01-18,6,Junction_C,158,24,Medium,18,Sunday,6,1,True,Morning,Medium,False
2026-01-18,7,Junction_A,98,38,Low,18,Sunday,6,1,True,Morning,Low,False
2026-01-18,7,Junction_B,109,18,Low,18,Sunday,6,1,True,Morning,Low,False
2026-01-18,7,Junction_C,171,38,Medium,18,Sunday,6,1,True,Morning,Medium,False
2026-01-18,8,Junction_A,181,24,Medium,18,Sunday,6,1,True,Morning,Medium,False
2026-01-18,8,Junction_B,290,21,High,18,Sunday,6,1,True,Morning,High,True
2026-01-18,8,Junction_C,63,29,Low,18,Sunday,6,1,True,Morning,Low,False
2026-01-18,9,Junction_A,178,37,Medium,18,Sunday,6,1,True,Morning,Medium,False
2026-01-18,9,Junction_B,130,35,Low,18,Sunday,6,1,True,Morning,Low,False
2026-01-18,9,Junction_C,212,57,Medium,18,Sunday,6,1,True,Morning,Medium,False
2026-01-18,10,Junction_A,174,18,Medium,18,Sunday,6,1,True,Morning,Medium,False
2026-01-18,10,Junction_B,271,17,High,18,Sunday,6,1,True,Morning,High,True
2026-01-18,10,Junction_C,223,16,High,18,Sunday,6,1,True,Morning,High,False
2026-01-18,11,Junction_A,128,19,Low,18,Sunday,6,1,True,Morning,Low,False
2026-01-18,11,Junction_B,87,31,Low,18,Sunday,6,1,True,Morning,Low,False
2026-01-18,11,Junction_C,105,12,Low,18,Sunday,6,1,True,Morning,Low,False
2026-01-18,12,Junction_A,152,29,Medium,18,Sunday,6,1,True,Afternoon,Medium,False
2026-01-18,12,Junction_B,183,43,Medium,18,Sunday,6,1,True,Afternoon,Medium,False
2026-01-18,12,Junction_C,193,12,Medium,18,Sunday,6,1,True,Afternoon,Medium,False
2026-01-18,13,Junction_A,101,57,Low,18,Sunday,6,1,True,Afternoon,Low,False
2026-01-18,13,Junction_B,155,37,Medium,18,Sunday,6,1,True,Afternoon,Medium,False
2026-01-18,13,Junction_C,243,17,High,18,Sunday,6,1,True,Afternoon,High,True
2026-01-18,14,Junction_A,147,30,Medium,18,Sunday,6,1,True,Afternoon,Medium,False
2026-01-18,14,Junction_B,184,12,Medium,18,Sunday,6,1,True,Afternoon,Medium,False
2026-01-18,14,Junction_C,98,28,Low,18,Sunday,6,1,True,Afternoon,Low,False
2026-01-18,15,Junction_A,259,25,High,18,Sunday,6,1,True,Afternoon,High,True
2026-01-18,15,Junction_B,92,21,Low,18,Sunday,6,1,True,Afternoon,Low,False
2026-01-18,15,Junction_C,186,29,Medium,18,Sunday,6,1,True,Afternoon,Medium,False
2026-01-18,16,Junction_A,156,32,Medium,18,Sunday,6,1,True,Afternoon,Medium,False
2026-01-18,16,Junction_B,50,33,Low,18,Sunday,6,1,True,Afternoon,Low,False
2026-01-18,16,Junction_C,245,45,High,18,Sunday,6,1,True,Afternoon,High,True
2026-01-18,17,Junction_A,246,20,High,18,Sunday,6,1,True,Evening,High,True
2026-01-18,17,Junction_B,221,60,High,18,Sunday,6,1,True,Evening,High,False
2026-01-18,17,Junction_C,69,18,Low,18,Sunday,6,1,True,Evening,Low,False
2026-01-18,18,Junction_A,285,43,High,18,Sunday,6,1,True,Evening,High,True
2026-01-18,18,Junction_B,53,34,Low,18,Sunday,6,1,True,Evening,Low,False
2026-01-18,18,Junction_C,143,17,Medium,18,Sunday,6,1,True,Evening,Medium,False
2026-01-18,19,Junction_A,92,26,Low,18,Sunday,6,1,True,Evening,Low,False
2026-01-18,19,Junction_B,248,10,High,18,Sunday,6,1,True,Evening,High,True
2026-01-18,19,Junction_C,71,25,Low,18,Sunday,6,1,True,Evening,Low,False
2026-01-18,20,Junction_A,105,13,Low,18,Sunday,6,1,True,Evening,Low,False
2026-01-18,20,Junction_B,220,54,Medium,18,Sunday,6,1,True,Evening,High,False
2026-01-18,20,Junction_C,75,11,Low,18,Sunday,6,1,True,Evening,Low,False
2026-01-18,21,Junction_A,295,48,High,18,Sunday,6,1,True,Night,High,True
2026-01-18,21,Junction_B,110,47,Low,18,Sunday,6,1,True,Night,Low,False
2026-01-18,21,Junction_C,225,58,High,18,Sunday,6,1,True,Night,High,False
2026-01-18,22,Junction_A,106,40,Low,18,Sunday,6,1,True,Night,Low,False
2026-01-18,22,Junction_B,85,20,Low,18,Sunday,6,1,True,Night,Low,False
2026-01-18,22,Junction_C,280,58,High,18,Sunday,6,1,True,Night,High,True
2026-01-18,23,Junction_A,257,30,High,18,Sunday,6,1,True,Night,High,True
2026-01-18,23,Junction_B,123,25,Low,18,Sunday,6,1,True,Night,Low,False
2026-01-18,23,Junction_C,80,40,Low,18,Sunday,6,1,True,Night,Low,False
2026-01-19,0,Junction_A,167,41,Medium,19,Monday,0,1,False,Night,Medium,False
2026-01-19,0,Junction_B,236,31,High,19,Monday,0,1,False,Night,High,True
2026-01-19,0,Junction_C,75,16,Low,19,Monday,0,1,False,Night,Low,False
2026-01-19,1,Junction_A,164,22,Medium,19,Monday,0,1,False,Night,Medium,False
2026-01-19,1,Junction_B,239,24,High,19,Monday,0,1,False,Night,High,True
2026-01-19,1,Junction_C,235,51,High,19,Monday,0,1,False,Night,High,True
2026-01-19,2,Junction_A,272,11,High,19,Monday,0,1,False,Night,High,True
2026-01-19,2,Junction_B,212,46,Medium,19,Monday,0,1,False,Night,Medium,False
2026-01-19,2,Junction_C,59,56,Low,19,Monday,0,1,False,Night,Low,False
2026-01-19,3,Junction_A,125,48,Low,19,Monday,0,1,False,Night,Low,False
2026-01-19,3,Junction_B,54,27,Low,19,Monday,0,1,False,Night,Low,False
2026-01-19,3,Junction_C,233,55,High,19,Monday,0,1,False,Night,High,False
2026-01-19,4,Junction_A,243,33,High,19,Monday,0,1,False,Night,High,True
2026-01-19,4,Junction_B,54,24,Low,19,Monday,0,1,False,Night,Low,False
2026-01-19,4,Junction_C,128,40,Low,19,Monday,0,1,False,Night,Low,False
2026-01-19,5,Junction_A,75,33,Low,19,Monday,0,1,False,Night,Low,False
2026-01-19,5,Junction_B,230,25,High,19,Monday,0,1,False,Night,High,False
2026-01-19,5,Junction_C,183,19,Medium,19,Monday,0,1,False,Night,Medium,False
2026-01-19,6,Junction_A,237,37,High,19,Monday,0,1,False,Morning,High,True
2026-01-19,6,Junction_B,258,16,High,19,Monday,0,1,False,Morning,High,True
2026-01-19,6,Junction_C,103,51,Low,19,Monday,0,1,False,Morning,Low,False
2026-01-19,7,Junction_A,120,49,Low,19,Monday,0,1,False,Morning,Low,False
2026-01-19,7,Junction_B,93,36,Low,19,Monday,0,1,False,Morning,Low,False
2026-01-19,7,Junction_C,260,38,High,19,Monday,0,1,False,Morning,High,True
2026-01-19,8,Junction_A,128,44,Low,19,Monday,0,1,False,Morning,Low,False
2026-01-19,8,Junction_B,158,51,Medium,19,Monday,0,1,False,Morning,Medium,False
2026-01-19,8,Junction_C,193,57,Medium,19,Monday,0,1,False,Morning,Medium,False
2026-01-19,9,Junction_A,130,42,Low,19,Monday,0,1,False,Morning,Low,False
2026-01-19,9,Junction_B,286,51,High,19,Monday,0,1,False,Morning,High,True
2026-01-19,9,Junction_C,62,23,Low,19,Monday,0,1,False,Morning,Low,False
2026-01-19,10,Junction_A,258,21,High,19,Monday,0,1,False,Morning,High,True
2026-01-19,10,Junction_B,111,38,Low,19,Monday,0,1,False,Morning,Low,False
2026-01-19,10,Junction_C,266,25,High,19,Monday,0,1,False,Morning,High,True
2026-01-19,11,Junction_A,125,41,Low,19,Monday,0,1,False,Morning,Low,False
2026-01-19,11,Junction_B,75,10,Low,19,Monday,0,1,False,Morning,Low,False
2026-01-19,11,Junction_C,156,50,Medium,19,Monday,0,1,False,Morning,Medium,False
2026-01-19,12,Junction_A,63,58,Low,19,Monday,0,1,False,Afternoon,Low,False
2026-01-19,12,Junction_B,187,60,Medium,19,Monday,0,1,False,Afternoon,Medium,False
2026-01-19,12,Junction_C,124,33,Low,19,Monday,0,1,False,Afternoon,Low,False
2026-01-19,13,Junction_A,244,43,High,19,Monday,0,1,False,Afternoon,High,True
2026-01-19,13,Junction_B,300,37,High,19,Monday,0,1,False,Afternoon,High,True
2026-01-19,13,Junction_C,139,34,Low,19,Monday,0,1,False,Afternoon,Medium,False
2026-01-19,14,Junction_A,124,55,Low,19,Monday,0,1,False,Afternoon,Low,False
2026-01-19,14,Junction_B,233,12,High,19,Monday,0,1,False,Afternoon,High,False
2026-01-19,14,Junction_C,133,60,Low,19,Monday,0,1,False,Afternoon,Medium,False
2026-01-19,15,Junction_A,82,57,Low,19,Monday,0,1,False,Afternoon,Low,False
2026-01-19,15,Junction_B,109,50,Low,19,Monday,0,1,False,Afternoon,Low,False
2026-01-19,15,Junction_C,78,49,Low,19,Monday,0,1,False,Afternoon,Low,False
2026-01-19,16,Junction_A,104,54,Low,19,Monday,0,1,False,Afternoon,Low,False
2026-01-19,16,Junction_B,58,18,Low,19,Monday,0,1,False,Afternoon,Low,False
2026-01-19,16,Junction_C,191,23,Medium,19,Monday,0,1,False,Afternoon,Medium,False
2026-01-19,17,Junction_A,200,34,Medium,19,Monday,0,1,False,Evening,Medium,False
2026-01-19,17,Junction_B,79,38,Low,19,Monday,0,1,False,Evening,Low,False
2026-01-19,17,Junction_C,253,35,High,19,Monday,0,1,False,Evening,High,True
2026-01-19,18,Junction_A,241,26,High,19,Monday,0,1,False,Evening,High,True
2026-01-19,18,Junction_B,241,25,High,19,Monday,0,1,False,Evening,High,True
2026-01-19,18,Junction_C,122,37,Low,19,Monday,0,1,False,Evening,Low,False
2026-01-19,19,Junction_A,175,22,Medium,19,Monday,0,1,False,Evening,Medium,False
2026-01-19,19,Junction_B,119,42,Low,19,Monday,0,1,False,Evening,Low,False
2026-01-19,19,Junction_C,214,40,Medium,19,Monday,0,1,False,Evening,High,False
2026-01-19,20,Junction_A,260,16,High,19,Monday,0,1,False,Evening,High,True
2026-01-19,20,Junction_B,149,16,Medium,19,Monday,0,1,False,Evening,Medium,False
2026-01-19,20,Junction_C,205,31,Medium,19,Monday,0,1,False,Evening,Medium,False
2026-01-19,21,Junction_A,146,11,Medium,19,Monday,0,1,False,Night,Medium,False
2026-01-19,21,Junction_B,182,29,Medium,19,Monday,0,1,False,Night,Medium,False
2026-01-19,21,Junction_C,164,14,Medium,19,Monday,0,1,False,Night,Medium,False
2026-01-19,22,Junction_A,164,17,Medium,19,Monday,0,1,False,Night,Medium,False
2026-01-19,22,Junction_B,284,56,High,19,Monday,0,1,False,Night,High,True
2026-01-19,22,Junction_C,251,17,High,19,Monday,0,1,False,Night,High,True
2026-01-19,23,Junction_A,203,53,Medium,19,Monday,0,1,False,Night,Medium,False
2026-01-19,23,Junction_B,80,38,Low,19,Monday,0,1,False,Night,Low,False
2026-01-19,23,Junction_C,160,52,Medium,19,Monday,0,1,False,Night,Medium,False
2026-01-20,0,Junction_A,220,58,Medium,20,Tuesday,1,1,False,Night,High,False
2026-01-20,0,Junction_B,160,24,Medium,20,Tuesday,1,1,False,Night,Medium,False
2026-01-20,0,Junction_C,260,12,High,20,Tuesday,1,1,False,Night,High,True
2026-01-20,1,Junction_A,194,40,Medium,20,Tuesday,1,1,False,Night,Medium,False
2026-01-20,1,Junction_B,73,37,Low,20,Tuesday,1,1,False,Night,Low,False
2026-01-20,1,Junction_C,186,60,Medium,20,Tuesday,1,1,False,Night,Medium,False
2026-01-20,2,Junction_A,174,52,Medium,20,Tuesday,1,1,False,Night,Medium,False
2026-01-20,2,Junction_B,261,15,High,20,Tuesday,1,1,False,Night,High,True
2026-01-20,2,Junction_C,79,23,Low,20,Tuesday,1,1,False,Night,Low,False
2026-01-20,3,Junction_A,151,13,Medium,20,Tuesday,1,1,False,Night,Medium,False
2026-01-20,3,Junction_B,170,31,Medium,20,Tuesday,1,1,False,Night,Medium,False
2026-01-20,3,Junction_C,112,51,Low,20,Tuesday,1,1,False,Night,Low,False
2026-01-20,4,Junction_A,273,10,High,20,Tuesday,1,1,False,Night,High,True
2026-01-20,4,Junction_B,54,59,Low,20,Tuesday,1,1,False,Night,Low,False
2026-01-20,4,Junction_C,167,19,Medium,20,Tuesday,1,1,False,Night,Medium,False
2026-01-20,5,Junction_A,154,50,Medium,20,Tuesday,1,1,False,Night,Medium,False
2026-01-20,5,Junction_B,121,37,Low,20,Tuesday,1,1,False,Night,Low,False
2026-01-20,5,Junction_C,137,48,Low,20,Tuesday,1,1,False,Night,Medium,False
2026-01-20,6,Junction_A,206,20,Medium,20,Tuesday,1,1,False,Morning,Medium,False
2026-01-20,6,Junction_B,182,29,Medium,20,Tuesday,1,1,False,Morning,Medium,False
2026-01-20,6,Junction_C,145,42,Medium,20,Tuesday,1,1,False,Morning,Medium,False
2026-01-20,7,Junction_A,288,44,High,20,Tuesday,1,1,False,Morning,High,True
2026-01-20,7,Junction_B,136,59,Low,20,Tuesday,1,1,False,Morning,Medium,False
2026-01-20,7,Junction_C,143,19,Medium,20,Tuesday,1,1,False,Morning,Medium,False
2026-01-20,8,Junction_A,173,54,Medium,20,Tuesday,1,1,False,Morning,Medium,False
2026-01-20,8,Junction_B,93,38,Low,20,Tuesday,1,1,False,Morning,Low,False
2026-01-20,8,Junction_C,221,48,High,20,Tuesday,1,1,False,Morning,High,False
2026-01-20,9,Junction_A,223,30,High,20,Tuesday,1,1,False,Morning,High,False
2026-01-20,9,Junction_B,57,50,Low,20,Tuesday,1,1,False,Morning,Low,False
2026-01-20,9,Junction_C,214,22,Medium,20,Tuesday,1,1,False,Morning,High,False
2026-01-20,10,Junction_A,250,52,High,20,Tuesday,1,1,False,Morning,High,True
2026-01-20,10,Junction_B,114,21,Low,20,Tuesday,1,1,False,Morning,Low,False
2026-01-20,10,Junction_C,56,13,Low,20,Tuesday,1,1,False,Morning,Low,False
2026-01-20,11,Junction_A,259,55,High,20,Tuesday,1,1,False,Morning,High,True
2026-01-20,11,Junction_B,158,38,Medium,20,Tuesday,1,1,False,Morning,Medium,False
2026-01-20,11,Junction_C,264,16,High,20,Tuesday,1,1,False,Morning,High,True
2026-01-20,12,Junction_A,279,17,High,20,Tuesday,1,1,False,Afternoon,High,True
2026-01-20,12,Junction_B,91,56,Low,20,Tuesday,1,1,False,Afternoon,Low,False
2026-01-20,12,Junction_C,67,58,Low,20,Tuesday,1,1,False,Afternoon,Low,False
2026-01-20,13,Junction_A,175,47,Medium,20,Tuesday,1,1,False,Afternoon,Medium,False
2026-01-20,13,Junction_B,131,37,Low,20,Tuesday,1,1,False,Afternoon,Low,False
2026-01-20,13,Junction_C,189,19,Medium,20,Tuesday,1,1,False,Afternoon,Medium,False
2026-01-20,14,Junction_A,275,20,High,20,Tuesday,1,1,False,Afternoon,High,True
2026-01-20,14,Junction_B,100,27,Low,20,Tuesday,1,1,False,Afternoon,Low,False
2026-01-20,14,Junction_C,121,25,Low,20,Tuesday,1,1,False,Afternoon,Low,False
2026-01-20,15,Junction_A,126,10,Low,20,Tuesday,1,1,False,Afternoon,Low,False
2026-01-20,15,Junction_B,152,15,Medium,20,Tuesday,1,1,False,Afternoon,Medium,False
2026-01-20,15,Junction_C,175,40,Medium,20,Tuesday,1,1,False,Afternoon,Medium,False
2026-01-20,16,Junction_A,76,21,Low,20,Tuesday,1,1,False,Afternoon,Low,False
2026-01-20,16,Junction_B,96,30,Low,20,Tuesday,1,1,False,Afternoon,Low,False
2026-01-20,16,Junction_C,105,27,Low,20,Tuesday,1,1,False,Afternoon,Low,False
2026-01-20,17,Junction_A,210,34,Medium,20,Tuesday,1,1,False,Evening,Medium,False
2026-01-20,17,Junction_B,231,37,High,20,Tuesday,1,1,False,Evening,High,False
2026-01-20,17,Junction_C,171,37,Medium,20,Tuesday,1,1,False,Evening,Medium,False
2026-01-20,18,Junction_A,103,34,Low,20,Tuesday,1,1,False,Evening,Low,False
2026-01-20,18,Junction_B,147,57,Medium,20,Tuesday,1,1,False,Evening,Medium,False
2026-01-20,18,Junction_C,52,21,Low,20,Tuesday,1,1,False,Evening,Low,False
2026-01-20,19,Junction_A,286,49,High,20,Tuesday,1,1,False,Evening,High,True
2026-01-20,19,Junction_B,59,10,Low,20,Tuesday,1,1,False,Evening,Low,False
2026-01-20,19,Junction_C,155,53,Medium,20,Tuesday,1,1,False,Evening,Medium,False
2026-01-20,20,Junction_A,277,41,High,20,Tuesday,1,1,False,Evening,High,True
2026-01-20,20,Junction_B,106,20,Low,20,Tuesday,1,1,False,Evening,Low,False
2026-01-20,20,Junction_C,147,56,Medium,20,Tuesday,1,1,False,Evening,Medium,False
2026-01-20,21,Junction_A,142,41,Medium,20,Tuesday,1,1,False,Night,Medium,False
2026-01-20,21,Junction_B,131,46,Low,20,Tuesday,1,1,False,Night,Low,False
2026-01-20,21,Junction_C,75,26,Low,20,Tuesday,1,1,False,Night,Low,False
2026-01-20,22,Junction_A,198,12,Medium,20,Tuesday,1,1,False,Night,Medium,False
2026-01-20,22,Junction_B,70,48,Low,20,Tuesday,1,1,False,Night,Low,False
2026-01-20,22,Junction_C,195,51,Medium,20,Tuesday,1,1,False,Night,Medium,False
2026-01-20,23,Junction_A,135,14,Low,20,Tuesday,1,1,False,Night,Medium,False
2026-01-20,23,Junction_B,245,12,High,20,Tuesday,1,1,False,Night,High,True
2026-01-20,23,Junction_C,94,25,Low,20,Tuesday,1,1,False,Night,Low,False
2026-01-21,0,Junction_A,197,44,Medium,21,Wednesday,2,1,False,Night,Medium,False
2026-01-21,0,Junction_B,133,20,Low,21,Wednesday,2,1,False,Night,Medium,False
2026-01-21,0,Junction_C,130,26,Low,21,Wednesday,2,1,False,Night,Low,False
2026-01-21,1,Junction_A,295,30,High,21,Wednesday,2,1,False,Night,High,True
2026-01-21,1,Junction_B,262,27,High,21,Wednesday,2,1,False,Night,High,True
2026-01-21,1,Junction_C,134,47,Low,21,Wednesday,2,1,False,Night,Medium,False
2026-01-21,2,Junction_A,257,44,High,21,Wednesday,2,1,False,Night,High,True
2026-01-21,2,Junction_B,196,59,Medium,21,Wednesday,2,1,False,Night,Medium,False
2026-01-21,2,Junction_C,250,17,High,21,Wednesday,2,1,False,Night,High,True
2026-01-21,3,Junction_A,236,32,High,21,Wednesday,2,1,False,Night,High,True
2026-01-21,3,Junction_B,105,34,Low,21,Wednesday,2,1,False,Night,Low,False
2026-01-21,3,Junction_C,190,45,Medium,21,Wednesday,2,1,False,Night,Medium,False
2026-01-21,4,Junction_A,250,59,High,21,Wednesday,2,1,False,Night,High,True
2026-01-21,4,Junction_B,68,47,Low,21,Wednesday,2,1,False,Night,Low,False
2026-01-21,4,Junction_C,156,37,Medium,21,Wednesday,2,1,False,Night,Medium,False
2026-01-21,5,Junction_A,94,54,Low,21,Wednesday,2,1,False,Night,Low,False
2026-01-21,5,Junction_B,138,23,Low,21,Wednesday,2,1,False,Night,Medium,False
2026-01-21,5,Junction_C,241,32,High,21,Wednesday,2,1,False,Night,High,True
2026-01-21,6,Junction_A,120,41,Low,21,Wednesday,2,1,False,Morning,Low,False
2026-01-21,6,Junction_B,217,43,Medium,21,Wednesday,2,1,False,Morning,High,False
2026-01-21,6,Junction_C,111,23,Low,21,Wednesday,2,1,False,Morning,Low,False
2026-01-21,7,Junction_A,251,30,High,21,Wednesday,2,1,False,Morning,High,True
2026-01-21,7,Junction_B,58,45,Low,21,Wednesday,2,1,False,Morning,Low,False
2026-01-21,7,Junction_C,179,28,Medium,21,Wednesday,2,1,False,Morning,Medium,False
2026-01-21,8,Junction_A,160,10,Medium,21,Wednesday,2,1,False,Morning,Medium,False
2026-01-21,8,Junction_B,62,48,Low,21,Wednesday,2,1,False,Morning,Low,False
2026-01-21,8,Junction_C,257,42,High,21,Wednesday,2,1,False,Morning,High,True
2026-01-21,9,Junction_A,211,27,Medium,21,Wednesday,2,1,False,Morning,Medium,False
2026-01-21,9,Junction_B,179,50,Medium,21,Wednesday,2,1,False,Morning,Medium,False
2026-01-21,9,Junction_C,195,43,Medium,21,Wednesday,2,1,False,Morning,Medium,False
2026-01-21,10,Junction_A,180,18,Medium,21,Wednesday,2,1,False,Morning,Medium,False
2026-01-21,10,Junction_B,180,28,Medium,21,Wednesday,2,1,False,Morning,Medium,False
2026-01-21,10,Junction_C,179,47,Medium,21,Wednesday,2,1,False,Morning,Medium,False
2026-01-21,11,Junction_A,262,51,High,21,Wednesday,2,1,False,Morning,High,True
2026-01-21,11,Junction_B,292,35,High,21,Wednesday,2,1,False,Morning,High,True
2026-01-21,11,Junction_C,155,53,Medium,21,Wednesday,2,1,False,Morning,Medium,False
2026-01-21,12,Junction_A,178,11,Medium,21,Wednesday,2,1,False,Afternoon,Medium,False
2026-01-21,12,Junction_B,90,39,Low,21,Wednesday,2,1,False,Afternoon,Low,False
2026-01-21,12,Junction_C,95,46,Low,21,Wednesday,2,1,False,Afternoon,Low,False
2026-01-21,13,Junction_A,95,59,Low,21,Wednesday,2,1,False,Afternoon,Low,False
2026-01-21,13,Junction_B,155,37,Medium,21,Wednesday,2,1,False,Afternoon,Medium,False
2026-01-21,13,Junction_C,142,37,Medium,21,Wednesday,2,1,False,Afternoon,Medium,False
2026-01-21,14,Junction_A,114,60,Low,21,Wednesday,2,1,False,Afternoon,Low,False
2026-01-21,14,Junction_B,76,10,Low,21,Wednesday,2,1,False,Afternoon,Low,False
2026-01-21,14,Junction_C,171,21,Medium,21,Wednesday,2,1,False,Afternoon,Medium,False
2026-01-21,15,Junction_A,234,16,High,21,Wednesday,2,1,False,Afternoon,High,False
2026-01-21,15,Junction_B,285,49,High,21,Wednesday,2,1,False,Afternoon,High,True
2026-01-21,15,Junction_C,217,41,Medium,21,Wednesday,2,1,False,Afternoon,High,False
2026-01-21,16,Junction_A,91,45,Low,21,Wednesday,2,1,False,Afternoon,Low,False
2026-01-21,16,Junction_B,183,51,Medium,21,Wednesday,2,1,False,Afternoon,Medium,False
2026-01-21,16,Junction_C,274,10,High,21,Wednesday,2,1,False,Afternoon,High,True
2026-01-21,17,Junction_A,162,42,Medium,21,Wednesday,2,1,False,Evening,Medium,False
2026-01-21,17,Junction_B,91,46,Low,21,Wednesday,2,1,False,Evening,Low,False
2026-01-21,17,Junction_C,271,52,High,21,Wednesday,2,1,False,Evening,High,True
2026-01-21,18,Junction_A,81,38,Low,21,Wednesday,2,1,False,Evening,Low,False
2026-01-21,18,Junction_B,154,14,Medium,21,Wednesday,2,1,False,Evening,Medium,False
2026-01-21,18,Junction_C,95,32,Low,21,Wednesday,2,1,False,Evening,Low,False
2026-01-21,19,Junction_A,169,32,Medium,21,Wednesday,2,1,False,Evening,Medium,False
2026-01-21,19,Junction_B,221,46,High,21,Wednesday,2,1,False,Evening,High,False
2026-01-21,19,Junction_C,70,12,Low,21,Wednesday,2,1,False,Evening,Low,False
2026-01-21,20,Junction_A,281,47,High,21,Wednesday,2,1,False,Evening,High,True
2026-01-21,20,Junction_B,290,13,High,21,Wednesday,2,1,False,Evening,High,True
2026-01-21,20,Junction_C,229,28,High,21,Wednesday,2,1,False,Evening,High,False
2026-01-21,21,Junction_A,142,37,Medium,21,Wednesday,2,1,False,Night,Medium,False
2026-01-21,21,Junction_B,61,13,Low,21,Wednesday,2,1,False,Night,Low,False
2026-01-21,21,Junction_C,63,13,Low,21,Wednesday,2,1,False,Night,Low,False
2026-01-21,22,Junction_A,95,58,Low,21,Wednesday,2,1,False,Night,Low,False
2026-01-21,22,Junction_B,141,35,Medium,21,Wednesday,2,1,False,Night,Medium,False
2026-01-21,22,Junction_C,52,12,Low,21,Wednesday,2,1,False,Night,Low,False
2026-01-21,23,Junction_A,149,34,Medium,21,Wednesday,2,1,False,Night,Medium,False
2026-01-21,23,Junction_B,211,44,Medium,21,Wednesday,2,1,False,Night,Medium,False
2026-01-21,23,Junction_C,194,17,Medium,21,Wednesday,2,1,False,Night,Medium,False
2026-01-22,0,Junction_A,119,11,Low,22,Thursday,3,1,False,Night,Low,False
2026-01-22,0,Junction_B,160,28,Medium,22,Thursday,3,1,False,Night,Medium,False
2026-01-22,0,Junction_C,257,24,High,22,Thursday,3,1,False,Night,High,True
2026-01-22,1,Junction_A,172,10,Medium,22,Thursday,3,1,False,Night,Medium,False
2026-01-22,1,Junction_B,200,37,Medium,22,Thursday,3,1,False,Night,Medium,False
2026-01-22,1,Junction_C,121,46,Low,22,Thursday,3,1,False,Night,Low,False
2026-01-22,2,Junction_A,51,29,Low,22,Thursday,3,1,False,Night,Low,False
2026-01-22,2,Junction_B,69,17,Low,22,Thursday,3,1,False,Night,Low,False
2026-01-22,2,Junction_C,205,30,Medium,22,Thursday,3,1,False,Night,Medium,False
2026-01-22,3,Junction_A,193,38,Medium,22,Thursday,3,1,False,Night,Medium,False
2026-01-22,3,Junction_B,85,29,Low,22,Thursday,3,1,False,Night,Low,False
2026-01-22,3,Junction_C,139,40,Low,22,Thursday,3,1,False,Night,Medium,False
2026-01-22,4,Junction_A,150,29,Medium,22,Thursday,3,1,False,Night,Medium,False
2026-01-22,4,Junction_B,73,17,Low,22,Thursday,3,1,False,Night,Low,False
2026-01-22,4,Junction_C,68,15,Low,22,Thursday,3,1,False,Night,Low,False
2026-01-22,5,Junction_A,83,30,Low,22,Thursday,3,1,False,Night,Low,False
2026-01-22,5,Junction_B,284,40,High,22,Thursday,3,1,False,Night,High,True
2026-01-22,5,Junction_C,124,44,Low,22,Thursday,3,1,False,Night,Low,False
2026-01-22,6,Junction_A,106,57,Low,22,Thursday,3,1,False,Morning,Low,False
2026-01-22,6,Junction_B,221,47,High,22,Thursday,3,1,False,Morning,High,False
2026-01-22,6,Junction_C,223,47,High,22,Thursday,3,1,False,Morning,High,False
2026-01-22,7,Junction_A,82,42,Low,22,Thursday,3,1,False,Morning,Low,False
2026-01-22,7,Junction_B,156,39,Medium,22,Thursday,3,1,False,Morning,Medium,False
2026-01-22,7,Junction_C,70,30,Low,22,Thursday,3,1,False,Morning,Low,False
2026-01-22,8,Junction_A,259,25,High,22,Thursday,3,1,False,Morning,High,True
2026-01-22,8,Junction_B,153,34,Medium,22,Thursday,3,1,False,Morning,Medium,False
2026-01-22,8,Junction_C,168,55,Medium,22,Thursday,3,1,False,Morning,Medium,False
2026-01-22,9,Junction_A,235,52,High,22,Thursday,3,1,False,Morning,High,True
2026-01-22,9,Junction_B,269,36,High,22,Thursday,3,1,False,Morning,High,True
2026-01-22,9,Junction_C,163,50,Medium,22,Thursday,3,1,False,Morning,Medium,False
2026-01-22,10,Junction_A,100,49,Low,22,Thursday,3,1,False,Morning,Low,False
2026-01-22,10,Junction_B,228,21,High,22,Thursday,3,1,False,Morning,High,False
2026-01-22,10,Junction_C,137,18,Low,22,Thursday,3,1,False,Morning,Medium,False
2026-01-22,11,Junction_A,272,39,High,22,Thursday,3,1,False,Morning,High,True
2026-01-22,11,Junction_B,69,33,Low,22,Thursday,3,1,False,Morning,Low,False
2026-01-22,11,Junction_C,251,24,High,22,Thursday,3,1,False,Morning,High,True
2026-01-22,12,Junction_A,132,58,Low,22,Thursday,3,1,False,Afternoon,Low,False
2026-01-22,12,Junction_B,131,17,Low,22,Thursday,3,1,False,Afternoon,Low,False
2026-01-22,12,Junction_C,123,11,Low,22,Thursday,3,1,False,Afternoon,Low,False
2026-01-22,13,Junction_A,201,25,Medium,22,Thursday,3,1,False,Afternoon,Medium,False
2026-01-22,13,Junction_B,168,16,Medium,22,Thursday,3,1,False,Afternoon,Medium,False
2026-01-22,13,Junction_C,202,25,Medium,22,Thursday,3,1,False,Afternoon,Medium,False
2026-01-22,14,Junction_A,98,25,Low,22,Thursday,3,1,False,Afternoon,Low,False
2026-01-22,14,Junction_B,152,28,Medium,22,Thursday,3,1,False,Afternoon,Medium,False
2026-01-22,14,Junction_C,284,21,High,22,Thursday,3,1,False,Afternoon,High,True
2026-01-22,15,Junction_A,127,27,Low,22,Thursday,3,1,False,Afternoon,Low,False
2026-01-22,15,Junction_B,91,39,Low,22,Thursday,3,1,False,Afternoon,Low,False
2026-01-22,15,Junction_C,201,13,Medium,22,Thursday,3,1,False,Afternoon,Medium,False
2026-01-22,16,Junction_A,236,19,High,22,Thursday,3,1,False,Afternoon,High,True
2026-01-22,16,Junction_B,181,42,Medium,22,Thursday,3,1,False,Afternoon,Medium,False
2026-01-22,16,Junction_C,297,42,High,22,Thursday,3,1,False,Afternoon,High,True
2026-01-22,17,Junction_A,141,22,Medium,22,Thursday,3,1,False,Evening,Medium,False
2026-01-22,17,Junction_B,70,19,Low,22,Thursday,3,1,False,Evening,Low,False
2026-01-22,17,Junction_C,247,47,High,22,Thursday,3,1,False,Evening,High,True
2026-01-22,18,Junction_A,89,14,Low,22,Thursday,3,1,False,Evening,Low,False
2026-01-22,18,Junction_B,170,52,Medium,22,Thursday,3,1,False,Evening,Medium,False
2026-01-22,18,Junction_C,141,21,Medium,22,Thursday,3,1,False,Evening,Medium,False
2026-01-22,19,Junction_A,183,15,Medium,22,Thursday,3,1,False,Evening,Medium,False
2026-01-22,19,Junction_B,57,34,Low,22,Thursday,3,1,False,Evening,Low,False
2026-01-22,19,Junction_C,166,31,Medium,22,Thursday,3,1,False,Evening,Medium,False
2026-01-22,20,Junction_A,118,21,Low,22,Thursday,3,1,False,Evening,Low,False
2026-01-22,20,Junction_B,300,21,High,22,Thursday,3,1,False,Evening,High,True
2026-01-22,20,Junction_C,275,15,High,22,Thursday,3,1,False,Evening,High,True
2026-01-22,21,Junction_A,262,42,High,22,Thursday,3,1,False,Night,High,True
2026-01-22,21,Junction_B,273,41,High,22,Thursday,3,1,False,Night,High,True
2026-01-22,21,Junction_C,298,54,High,22,Thursday,3,1,False,Night,High,True
2026-01-22,22,Junction_A,149,56,Medium,22,Thursday,3,1,False,Night,Medium,False
2026-01-22,22,Junction_B,273,32,High,22,Thursday,3,1,False,Night,High,True
2026-01-22,22,Junction_C,84,29,Low,22,Thursday,3,1,False,Night,Low,False
2026-01-22,23,Junction_A,274,38,High,22,Thursday,3,1,False,Night,High,True
2026-01-22,23,Junction_B,255,29,High,22,Thursday,3,1,False,Night,High,True
2026-01-22,23,Junction_C,77,40,Low,22,Thursday,3,1,False,Night,Low,False
2026-01-23,0,Junction_A,155,50,Medium,23,Friday,4,1,False,Night,Medium,False
2026-01-23,0,Junction_B,119,19,Low,23,Friday,4,1,False,Night,Low,False
2026-01-23,0,Junction_C,169,42,Medium,23,Friday,4,1,False,Night,Medium,False
2026-01-23,1,Junction_A,178,50,Medium,23,Friday,4,1,False,Night,Medium,False
2026-01-23,1,Junction_B,89,26,Low,23,Friday,4,1,False,Night,Low,False
2026-01-23,1,Junction_C,107,18,Low,23,Friday,4,1,False,Night,Low,False
2026-01-23,2,Junction_A,115,39,Low,23,Friday,4,1,False,Night,Low,False
2026-01-23,2,Junction_B,259,15,High,23,Friday,4,1,False,Night,High,True
2026-01-23,2,Junction_C,90,19,Low,23,Friday,4,1,False,Night,Low,False
2026-01-23,3,Junction_A,176,40,Medium,23,Friday,4,1,False,Night,Medium,False
2026-01-23,3,Junction_B,53,47,Low,23,Friday,4,1,False,Night,Low,False
2026-01-23,3,Junction_C,193,46,Medium,23,Friday,4,1,False,Night,Medium,False
2026-01-23,4,Junction_A,56,45,Low,23,Friday,4,1,False,Night,Low,False
2026-01-23,4,Junction_B,150,32,Medium,23,Friday,4,1,False,Night,Medium,False
2026-01-23,4,Junction_C,231,33,High,23,Friday,4,1,False,Night,High,False
2026-01-23,5,Junction_A,277,41,High,23,Friday,4,1,False,Night,High,True
2026-01-23,5,Junction_B,190,29,Medium,23,Friday,4,1,False,Night,Medium,False
2026-01-23,5,Junction_C,297,17,High,23,Friday,4,1,False,Night,High,True
2026-01-23,6,Junction_A,227,43,High,23,Friday,4,1,False,Morning,High,False
2026-01-23,6,Junction_B,172,55,Medium,23,Friday,4,1,False,Morning,Medium,False
2026-01-23,6,Junction_C,54,49,Low,23,Friday,4,1,False,Morning,Low,False
2026-01-23,7,Junction_A,275,57,High,23,Friday,4,1,False,Morning,High,True
2026-01-23,7,Junction_B,89,14,Low,23,Friday,4,1,False,Morning,Low,False
2026-01-23,7,Junction_C,148,59,Medium,23,Friday,4,1,False,Morning,Medium,False
2026-01-23,8,Junction_A,128,49,Low,23,Friday,4,1,False,Morning,Low,False
2026-01-23,8,Junction_B,256,60,High,23,Friday,4,1,False,Morning,High,True
2026-01-23,8,Junction_C,278,28,High,23,Friday,4,1,False,Morning,High,True
2026-01-23,9,Junction_A,272,15,High,23,Friday,4,1,False,Morning,High,True
2026-01-23,9,Junction_B,164,57,Medium,23,Friday,4,1,False,Morning,Medium,False
2026-01-23,9,Junction_C,209,13,Medium,23,Friday,4,1,False,Morning,Medium,False
2026-01-23,10,Junction_A,276,14,High,23,Friday,4,1,False,Morning,High,True
2026-01-23,10,Junction_B,74,30,Low,23,Friday,4,1,False,Morning,Low,False
2026-01-23,10,Junction_C,104,56,Low,23,Friday,4,1,False,Morning,Low,False
2026-01-23,11,Junction_A,50,20,Low,23,Friday,4,1,False,Morning,Low,False
2026-01-23,11,Junction_B,216,46,Medium,23,Friday,4,1,False,Morning,High,False
2026-01-23,11,Junction_C,230,30,High,23,Friday,4,1,False,Morning,High,False
2026-01-23,12,Junction_A,139,54,Low,23,Friday,4,1,False,Afternoon,Medium,False
2026-01-23,12,Junction_B,157,28,Medium,23,Friday,4,1,False,Afternoon,Medium,False
2026-01-23,12,Junction_C,245,26,High,23,Friday,4,1,False,Afternoon,High,True
2026-01-23,13,Junction_A,178,59,Medium,23,Friday,4,1,False,Afternoon,Medium,False
2026-01-23,13,Junction_B,224,60,High,23,Friday,4,1,False,Afternoon,High,False
2026-01-23,13,Junction_C,262,10,High,23,Friday,4,1,False,Afternoon,High,True
2026-01-23,14,Junction_A,251,28,High,23,Friday,4,1,False,Afternoon,High,True
2026-01-23,14,Junction_B,225,49,High,23,Friday,4,1,False,Afternoon,High,False
2026-01-23,14,Junction_C,300,58,High,23,Friday,4,1,False,Afternoon,High,True
2026-01-23,15,Junction_A,100,19,Low,23,Friday,4,1,False,Afternoon,Low,False
2026-01-23,15,Junction_B,253,25,High,23,Friday,4,1,False,Afternoon,High,True
2026-01-23,15,Junction_C,259,30,High,23,Friday,4,1,False,Afternoon,High,True
2026-01-23,16,Junction_A,196,44,Medium,23,Friday,4,1,False,Afternoon,Medium,False
2026-01-23,16,Junction_B,259,17,High,23,Friday,4,1,False,Afternoon,High,True
2026-01-23,16,Junction_C,96,38,Low,23,Friday,4,1,False,Afternoon,Low,False
2026-01-23,17,Junction_A,140,58,Low,23,Friday,4,1,False,Evening,Medium,False
2026-01-23,17,Junction_B,190,13,Medium,23,Friday,4,1,False,Evening,Medium,False
2026-01-23,17,Junction_C,299,20,High,23,Friday,4,1,False,Evening,High,True
2026-01-23,18,Junction_A,75,17,Low,23,Friday,4,1,False,Evening,Low,False
2026-01-23,18,Junction_B,127,54,Low,23,Friday,4,1,False,Evening,Low,False
2026-01-23,18,Junction_C,122,22,Low,23,Friday,4,1,False,Evening,Low,False
2026-01-23,19,Junction_A,272,32,High,23,Friday,4,1,False,Evening,High,True
2026-01-23,19,Junction_B,295,31,High,23,Friday,4,1,False,Evening,High,True
2026-01-23,19,Junction_C,88,15,Low,23,Friday,4,1,False,Evening,Low,False
2026-01-23,20,Junction_A,259,25,High,23,Friday,4,1,False,Evening,High,True
2026-01-23,20,Junction_B,205,43,Medium,23,Friday,4,1,False,Evening,Medium,False
2026-01-23,20,Junction_C,170,36,Medium,23,Friday,4,1,False,Evening,Medium,False
2026-01-23,21,Junction_A,181,28,Medium,23,Friday,4,1,False,Night,Medium,False
2026-01-23,21,Junction_B,215,52,Medium,23,Friday,4,1,False,Night,High,False
2026-01-23,21,Junction_C,211,14,Medium,23,Friday,4,1,False,Night,Medium,False
2026-01-23,22,Junction_A,267,51,High,23,Friday,4,1,False,Night,High,True
2026-01-23,22,Junction_B,257,16,High,23,Friday,4,1,False,Night,High,True
2026-01-23,22,Junction_C,229,25,High,23,Friday,4,1,False,Night,High,False
2026-01-23,23,Junction_A,128,21,Low,23,Friday,4,1,False,Night,Low,False
2026-01-23,23,Junction_B,225,18,High,23,Friday,4,1,False,Night,High,False
2026-01-23,23,Junction_C,228,28,High,23,Friday,4,1,False,Night,High,False
2026-01-24,0,Junction_A,136,48,Low,24,Saturday,5,1,True,Night,Medium,False
2026-01-24,0,Junction_B,248,50,High,24,Saturday,5,1,True,Night,High,True
2026-01-24,0,Junction_C,137,36,Low,24,Saturday,5,1,True,Night,Medium,False
2026-01-24,1,Junction_A,176,37,Medium,24,Saturday,5,1,True,Night,Medium,False
2026-01-24,1,Junction_B,290,36,High,24,Saturday,5,1,True,Night,High,True
2026-01-24,1,Junction_C,65,42,Low,24,Saturday,5,1,True,Night,Low,False
2026-01-24,2,Junction_A,167,32,Medium,24,Saturday,5,1,True,Night,Medium,False
2026-01-24,2,Junction_B,111,41,Low,24,Saturday,5,1,True,Night,Low,False
2026-01-24,2,Junction_C,106,53,Low,24,Saturday,5,1,True,Night,Low,False
2026-01-24,3,Junction_A,149,50,Medium,24,Saturday,5,1,True,Night,Medium,False
2026-01-24,3,Junction_B,100,23,Low,24,Saturday,5,1,True,Night,Low,False
2026-01-24,3,Junction_C,144,42,Medium,24,Saturday,5,1,True,Night,Medium,False
2026-01-24,4,Junction_A,98,49,Low,24,Saturday,5,1,True,Night,Low,False
2026-01-24,4,Junction_B,184,41,Medium,24,Saturday,5,1,True,Night,Medium,False
2026-01-24,4,Junction_C,73,23,Low,24,Saturday,5,1,True,Night,Low,False
2026-01-24,5,Junction_A,261,56,High,24,Saturday,5,1,True,Night,High,True
2026-01-24,5,Junction_B,180,58,Medium,24,Saturday,5,1,True,Night,Medium,False
2026-01-24,5,Junction_C,182,50,Medium,24,Saturday,5,1,True,Night,Medium,False
2026-01-24,6,Junction_A,268,52,High,24,Saturday,5,1,True,Morning,High,True
2026-01-24,6,Junction_B,131,28,Low,24,Saturday,5,1,True,Morning,Low,False
2026-01-24,6,Junction_C,74,52,Low,24,Saturday,5,1,True,Morning,Low,False
2026-01-24,7,Junction_A,294,35,High,24,Saturday,5,1,True,Morning,High,True
2026-01-24,7,Junction_B,52,51,Low,24,Saturday,5,1,True,Morning,Low,False
2026-01-24,7,Junction_C,249,16,High,24,Saturday,5,1,True,Morning,High,True
2026-01-24,8,Junction_A,290,34,High,24,Saturday,5,1,True,Morning,High,True
2026-01-24,8,Junction_B,226,16,High,24,Saturday,5,1,True,Morning,High,False
2026-01-24,8,Junction_C,205,22,Medium,24,Saturday,5,1,True,Morning,Medium,False
2026-01-24,9,Junction_A,143,30,Medium,24,Saturday,5,1,True,Morning,Medium,False
2026-01-24,9,Junction_B,142,22,Medium,24,Saturday,5,1,True,Morning,Medium,False
2026-01-24,9,Junction_C,192,10,Medium,24,Saturday,5,1,True,Morning,Medium,False
2026-01-24,10,Junction_A,155,49,Medium,24,Saturday,5,1,True,Morning,Medium,False
2026-01-24,10,Junction_B,63,13,Low,24,Saturday,5,1,True,Morning,Low,False
2026-01-24,10,Junction_C,147,52,Medium,24,Saturday,5,1,True,Morning,Medium,False
2026-01-24,11,Junction_A,159,47,Medium,24,Saturday,5,1,True,Morning,Medium,False
2026-01-24,11,Junction_B,269,22,High,24,Saturday,5,1,True,Morning,High,True
2026-01-24,11,Junction_C,166,29,Medium,24,Saturday,5,1,True,Morning,Medium,False
2026-01-24,12,Junction_A,235,27,High,24,Saturday,5,1,True,Afternoon,High,True
2026-01-24,12,Junction_B,183,11,Medium,24,Saturday,5,1,True,Afternoon,Medium,False
2026-01-24,12,Junction_C,191,19,Medium,24,Saturday,5,1,True,Afternoon,Medium,False
2026-01-24,13,Junction_A,201,36,Medium,24,Saturday,5,1,True,Afternoon,Medium,False
2026-01-24,13,Junction_B,112,20,Low,24,Saturday,5,1,True,Afternoon,Low,False
2026-01-24,13,Junction_C,128,35,Low,24,Saturday,5,1,True,Afternoon,Low,False
2026-01-24,14,Junction_A,167,42,Medium,24,Saturday,5,1,True,Afternoon,Medium,False
2026-01-24,14,Junction_B,130,57,Low,24,Saturday,5,1,True,Afternoon,Low,False
2026-01-24,14,Junction_C,60,21,Low,24,Saturday,5,1,True,Afternoon,Low,False
2026-01-24,15,Junction_A,281,57,High,24,Saturday,5,1,True,Afternoon,High,True
2026-01-24,15,Junction_B,235,32,High,24,Saturday,5,1,True,Afternoon,High,True
2026-01-24,15,Junction_C,250,11,High,24,Saturday,5,1,True,Afternoon,High,True
2026-01-24,16,Junction_A,278,14,High,24,Saturday,5,1,True,Afternoon,High,True
2026-01-24,16,Junction_B,168,14,Medium,24,Saturday,5,1,True,Afternoon,Medium,False
2026-01-24,16,Junction_C,198,29,Medium,24,Saturday,5,1,True,Afternoon,Medium,False
2026-01-24,17,Junction_A,52,28,Low,24,Saturday,5,1,True,Evening,Low,False
2026-01-24,17,Junction_B,188,46,Medium,24,Saturday,5,1,True,Evening,Medium,False
2026-01-24,17,Junction_C,70,18,Low,24,Saturday,5,1,True,Evening,Low,False
2026-01-24,18,Junction_A,180,40,Medium,24,Saturday,5,1,True,Evening,Medium,False
2026-01-24,18,Junction_B,115,54,Low,24,Saturday,5,1,True,Evening,Low,False
2026-01-24,18,Junction_C,299,20,High,24,Saturday,5,1,True,Evening,High,True
2026-01-24,19,Junction_A,226,29,High,24,Saturday,5,1,True,Evening,High,False
2026-01-24,19,Junction_B,208,57,Medium,24,Saturday,5,1,True,Evening,Medium,False
2026-01-24,19,Junction_C,234,53,High,24,Saturday,5,1,True,Evening,High,False
2026-01-24,20,Junction_A,227,30,High,24,Saturday,5,1,True,Evening,High,False
2026-01-24,20,Junction_B,293,35,High,24,Saturday,5,1,True,Evening,High,True
2026-01-24,20,Junction_C,102,30,Low,24,Saturday,5,1,True,Evening,Low,False
2026-01-24,21,Junction_A,248,55,High,24,Saturday,5,1,True,Night,High,True
2026-01-24,21,Junction_B,59,19,Low,24,Saturday,5,1,True,Night,Low,False
2026-01-24,21,Junction_C,188,33,Medium,24,Saturday,5,1,True,Night,Medium,False
2026-01-24,22,Junction_A,161,19,Medium,24,Saturday,5,1,True,Night,Medium,False
2026-01-24,22,Junction_B,250,52,High,24,Saturday,5,1,True,Night,High,True
2026-01-24,22,Junction_C,65,49,Low,24,Saturday,5,1,True,Night,Low,False
2026-01-24,23,Junction_A,239,13,High,24,Saturday,5,1,True,Night,High,True
2026-01-24,23,Junction_B,71,20,Low,24,Saturday,5,1,True,Night,Low,False
2026-01-24,23,Junction_C,152,58,Medium,24,Saturday,5,1,True,Night,Medium,False
2026-01-25,0,Junction_A,113,53,Low,25,Sunday,6,1,True,Night,Low,False
2026-01-25,0,Junction_B,258,53,High,25,Sunday,6,1,True,Night,High,True
2026-01-25,0,Junction_C,204,52,Medium,25,Sunday,6,1,True,Night,Medium,False
2026-01-25,1,Junction_A,197,36,Medium,25,Sunday,6,1,True,Night,Medium,False
2026-01-25,1,Junction_B,299,32,High,25,Sunday,6,1,True,Night,High,True
2026-01-25,1,Junction_C,184,25,Medium,25,Sunday,6,1,True,Night,Medium,False
2026-01-25,2,Junction_A,296,44,High,25,Sunday,6,1,True,Night,High,True
2026-01-25,2,Junction_B,210,50,Medium,25,Sunday,6,1,True,Night,Medium,False
2026-01-25,2,Junction_C,266,46,High,25,Sunday,6,1,True,Night,High,True
2026-01-25,3,Junction_A,111,17,Low,25,Sunday,6,1,True,Night,Low,False
2026-01-25,3,Junction_B,81,20,Low,25,Sunday,6,1,True,Night,Low,False
2026-01-25,3,Junction_C,132,42,Low,25,Sunday,6,1,True,Night,Low,False
2026-01-25,4,Junction_A,86,30,Low,25,Sunday,6,1,True,Night,Low,False
2026-01-25,4,Junction_B,161,60,Medium,25,Sunday,6,1,True,Night,Medium,False
2026-01-25,4,Junction_C,59,45,Low,25,Sunday,6,1,True,Night,Low,False
2026-01-25,5,Junction_A,270,38,High,25,Sunday,6,1,True,Night,High,True
2026-01-25,5,Junction_B,194,34,Medium,25,Sunday,6,1,True,Night,Medium,False
2026-01-25,5,Junction_C,94,31,Low,25,Sunday,6,1,True,Night,Low,False
2026-01-25,6,Junction_A,123,12,Low,25,Sunday,6,1,True,Morning,Low,False
2026-01-25,6,Junction_B,104,52,Low,25,Sunday,6,1,True,Morning,Low,False
2026-01-25,6,Junction_C,285,35,High,25,Sunday,6,1,True,Morning,High,True
2026-01-25,7,Junction_A,160,36,Medium,25,Sunday,6,1,True,Morning,Medium,False
2026-01-25,7,Junction_B,122,12,Low,25,Sunday,6,1,True,Morning,Low,False
2026-01-25,7,Junction_C,295,40,High,25,Sunday,6,1,True,Morning,High,True
2026-01-25,8,Junction_A,223,29,High,25,Sunday,6,1,True,Morning,High,False
2026-01-25,8,Junction_B,131,18,Low,25,Sunday,6,1,True,Morning,Low,False
2026-01-25,8,Junction_C,186,34,Medium,25,Sunday,6,1,True,Morning,Medium,False
2026-01-25,9,Junction_A,201,40,Medium,25,Sunday,6,1,True,Morning,Medium,False
2026-01-25,9,Junction_B,294,36,High,25,Sunday,6,1,True,Morning,High,True
2026-01-25,9,Junction_C,186,32,Medium,25,Sunday,6,1,True,Morning,Medium,False
2026-01-25,10,Junction_A,263,11,High,25,Sunday,6,1,True,Morning,High,True
2026-01-25,10,Junction_B,256,46,High,25,Sunday,6,1,True,Morning,High,True
2026-01-25,10,Junction_C,120,23,Low,25,Sunday,6,1,True,Morning,Low,False
2026-01-25,11,Junction_A,103,10,Low,25,Sunday,6,1,True,Morning,Low,False
2026-01-25,11,Junction_B,263,19,High,25,Sunday,6,1,True,Morning,High,True
2026-01-25,11,Junction_C,291,40,High,25,Sunday,6,1,True,Morning,High,True
2026-01-25,12,Junction_A,228,15,High,25,Sunday,6,1,True,Afternoon,High,False
2026-01-25,12,Junction_B,238,21,High,25,Sunday,6,1,True,Afternoon,High,True
2026-01-25,12,Junction_C,209,58,Medium,25,Sunday,6,1,True,Afternoon,Medium,False
2026-01-25,13,Junction_A,202,22,Medium,25,Sunday,6,1,True,Afternoon,Medium,False
2026-01-25,13,Junction_B,237,22,High,25,Sunday,6,1,True,Afternoon,High,True
2026-01-25,13,Junction_C,148,58,Medium,25,Sunday,6,1,True,Afternoon,Medium,False
2026-01-25,14,Junction_A,122,31,Low,25,Sunday,6,1,True,Afternoon,Low,False
2026-01-25,14,Junction_B,106,58,Low,25,Sunday,6,1,True,Afternoon,Low,False
2026-01-25,14,Junction_C,145,60,Medium,25,Sunday,6,1,True,Afternoon,Medium,False
2026-01-25,15,Junction_A,266,58,High,25,Sunday,6,1,True,Afternoon,High,True
2026-01-25,15,Junction_B,66,56,Low,25,Sunday,6,1,True,Afternoon,Low,False
2026-01-25,15,Junction_C,147,13,Medium,25,Sunday,6,1,True,Afternoon,Medium,False
2026-01-25,16,Junction_A,143,34,Medium,25,Sunday,6,1,True,Afternoon,Medium,False
2026-01-25,16,Junction_B,198,29,Medium,25,Sunday,6,1,True,Afternoon,Medium,False
2026-01-25,16,Junction_C,169,52,Medium,25,Sunday,6,1,True,Afternoon,Medium,False
2026-01-25,17,Junction_A,191,56,Medium,25,Sunday,6,1,True,Evening,Medium,False
2026-01-25,17,Junction_B,89,41,Low,25,Sunday,6,1,True,Evening,Low,False
2026-01-25,17,Junction_C,162,59,Medium,25,Sunday,6,1,True,Evening,Medium,False
2026-01-25,18,Junction_A,236,38,High,25,Sunday,6,1,True,Evening,High,True
2026-01-25,18,Junction_B,117,48,Low,25,Sunday,6,1,True,Evening,Low,False
2026-01-25,18,Junction_C,230,41,High,25,Sunday,6,1,True,Evening,High,False
2026-01-25,19,Junction_A,85,37,Low,25,Sunday,6,1,True,Evening,Low,False
2026-01-25,19,Junction_B,255,51,High,25,Sunday,6,1,True,Evening,High,True
2026-01-25,19,Junction_C,191,23,Medium,25,Sunday,6,1,True,Evening,Medium,False
2026-01-25,20,Junction_A,245,42,High,25,Sunday,6,1,True,Evening,High,True
2026-01-25,20,Junction_B,201,57,Medium,25,Sunday,6,1,True,Evening,Medium,False
2026-01-25,20,Junction_C,159,13,Medium,25,Sunday,6,1,True,Evening,Medium,False
2026-01-25,21,Junction_A,205,32,Medium,25,Sunday,6,1,True,Night,Medium,False
2026-01-25,21,Junction_B,193,41,Medium,25,Sunday,6,1,True,Night,Medium,False
2026-01-25,21,Junction_C,109,45,Low,25,Sunday,6,1,True,Night,Low,False
2026-01-25,22,Junction_A,168,35,Medium,25,Sunday,6,1,True,Night,Medium,False
2026-01-25,22,Junction_B,145,22,Medium,25,Sunday,6,1,True,Night,Medium,False
2026-01-25,22,Junction_C,183,10,Medium,25,Sunday,6,1,True,Night,Medium,False
2026-01-25,23,Junction_A,289,10,High,25,Sunday,6,1,True,Night,High,True
2026-01-25,23,Junction_B,272,42,High,25,Sunday,6,1,True,Night,High,True
2026-01-25,23,Junction_C,153,59,Medium,25,Sunday,6,1,True,Night,Medium,False
2026-01-26,0,Junction_A,249,51,High,26,Monday,0,1,False,Night,High,True
2026-01-26,0,Junction_B,228,29,High,26,Monday,0,1,False,Night,High,False
2026-01-26,0,Junction_C,241,48,High,26,Monday,0,1,False,Night,High,True
2026-01-26,1,Junction_A,51,11,Low,26,Monday,0,1,False,Night,Low,False
2026-01-26,1,Junction_B,175,57,Medium,26,Monday,0,1,False,Night,Medium,False
2026-01-26,1,Junction_C,186,52,Medium,26,Monday,0,1,False,Night,Medium,False
2026-01-26,2,Junction_A,245,44,High,26,Monday,0,1,False,Night,High,True
2026-01-26,2,Junction_B,222,23,High,26,Monday,0,1,False,Night,High,False
2026-01-26,2,Junction_C,152,22,Medium,26,Monday,0,1,False,Night,Medium,False
2026-01-26,3,Junction_A,188,29,Medium,26,Monday,0,1,False,Night,Medium,False
2026-01-26,3,Junction_B,84,53,Low,26,Monday,0,1,False,Night,Low,False
2026-01-26,3,Junction_C,173,20,Medium,26,Monday,0,1,False,Night,Medium,False
2026-01-26,4,Junction_A,141,44,Medium,26,Monday,0,1,False,Night,Medium,False
2026-01-26,4,Junction_B,166,25,Medium,26,Monday,0,1,False,Night,Medium,False
2026-01-26,4,Junction_C,254,43,High,26,Monday,0,1,False,Night,High,True
2026-01-26,5,Junction_A,132,25,Low,26,Monday,0,1,False,Night,Low,False
2026-01-26,5,Junction_B,289,40,High,26,Monday,0,1,False,Night,High,True
2026-01-26,5,Junction_C,243,16,High,26,Monday,0,1,False,Night,High,True
2026-01-26,6,Junction_A,254,18,High,26,Monday,0,1,False,Morning,High,True
2026-01-26,6,Junction_B,247,52,High,26,Monday,0,1,False,Morning,High,True
2026-01-26,6,Junction_C,217,19,Medium,26,Monday,0,1,False,Morning,High,False
2026-01-26,7,Junction_A,289,27,High,26,Monday,0,1,False,Morning,High,True
2026-01-26,7,Junction_B,300,31,High,26,Monday,0,1,False,Morning,High,True
2026-01-26,7,Junction_C,64,23,Low,26,Monday,0,1,False,Morning,Low,False
2026-01-26,8,Junction_A,56,59,Low,26,Monday,0,1,False,Morning,Low,False
2026-01-26,8,Junction_B,110,22,Low,26,Monday,0,1,False,Morning,Low,False
2026-01-26,8,Junction_C,118,58,Low,26,Monday,0,1,False,Morning,Low,False
2026-01-26,9,Junction_A,81,10,Low,26,Monday,0,1,False,Morning,Low,False
2026-01-26,9,Junction_B,263,17,High,26,Monday,0,1,False,Morning,High,True
2026-01-26,9,Junction_C,92,45,Low,26,Monday,0,1,False,Morning,Low,False
2026-01-26,10,Junction_A,277,23,High,26,Monday,0,1,False,Morning,High,True
2026-01-26,10,Junction_B,166,40,Medium,26,Monday,0,1,False,Morning,Medium,False
2026-01-26,10,Junction_C,236,41,High,26,Monday,0,1,False,Morning,High,True
2026-01-26,11,Junction_A,182,45,Medium,26,Monday,0,1,False,Morning,Medium,False
2026-01-26,11,Junction_B,89,44,Low,26,Monday,0,1,False,Morning,Low,False
2026-01-26,11,Junction_C,103,59,Low,26,Monday,0,1,False,Morning,Low,False
2026-01-26,12,Junction_A,274,57,High,26,Monday,0,1,False,Afternoon,High,True
2026-01-26,12,Junction_B,174,25,Medium,26,Monday,0,1,False,Afternoon,Medium,False
2026-01-26,12,Junction_C,288,54,High,26,Monday,0,1,False,Afternoon,High,True
2026-01-26,13,Junction_A,288,40,High,26,Monday,0,1,False,Afternoon,High,True
2026-01-26,13,Junction_B,267,35,High,26,Monday,0,1,False,Afternoon,High,True
2026-01-26,13,Junction_C,220,25,Medium,26,Monday,0,1,False,Afternoon,High,False
2026-01-26,14,Junction_A,260,56,High,26,Monday,0,1,False,Afternoon,High,True
2026-01-26,14,Junction_B,189,56,Medium,26,Monday,0,1,False,Afternoon,Medium,False
2026-01-26,14,Junction_C,173,59,Medium,26,Monday,0,1,False,Afternoon,Medium,False
2026-01-26,15,Junction_A,206,44,Medium,26,Monday,0,1,False,Afternoon,Medium,False
2026-01-26,15,Junction_B,215,54,Medium,26,Monday,0,1,False,Afternoon,High,False
2026-01-26,15,Junction_C,263,22,High,26,Monday,0,1,False,Afternoon,High,True
2026-01-26,16,Junction_A,148,40,Medium,26,Monday,0,1,False,Afternoon,Medium,False
2026-01-26,16,Junction_B,96,28,Low,26,Monday,0,1,False,Afternoon,Low,False
2026-01-26,16,Junction_C,59,46,Low,26,Monday,0,1,False,Afternoon,Low,False
2026-01-26,17,Junction_A,62,17,Low,26,Monday,0,1,False,Evening,Low,False
2026-01-26,17,Junction_B,165,13,Medium,26,Monday,0,1,False,Evening,Medium,False
2026-01-26,17,Junction_C,109,16,Low,26,Monday,0,1,False,Evening,Low,False
2026-01-26,18,Junction_A,267,29,High,26,Monday,0,1,False,Evening,High,True
2026-01-26,18,Junction_B,203,42,Medium,26,Monday,0,1,False,Evening,Medium,False
2026-01-26,18,Junction_C,237,33,High,26,Monday,0,1,False,Evening,High,True
2026-01-26,19,Junction_A,245,34,High,26,Monday,0,1,False,Evening,High,True
2026-01-26,19,Junction_B,133,23,Low,26,Monday,0,1,False,Evening,Medium,False
2026-01-26,19,Junction_C,273,36,High,26,Monday,0,1,False,Evening,High,True
2026-01-26,20,Junction_A,259,34,High,26,Monday,0,1,False,Evening,High,True
2026-01-26,20,Junction_B,268,48,High,26,Monday,0,1,False,Evening,High,True
2026-01-26,20,Junction_C,65,49,Low,26,Monday,0,1,False,Evening,Low,False
2026-01-26,21,Junction_A,249,30,High,26,Monday,0,1,False,Night,High,True
2026-01-26,21,Junction_B,250,57,High,26,Monday,0,1,False,Night,High,True
2026-01-26,21,Junction_C,143,26,Medium,26,Monday,0,1,False,Night,Medium,False
2026-01-26,22,Junction_A,237,17,High,26,Monday,0,1,False,Night,High,True
2026-01-26,22,Junction_B,133,39,Low,26,Monday,0,1,False,Night,Medium,False
2026-01-26,22,Junction_C,201,16,Medium,26,Monday,0,1,False,Night,Medium,False
2026-01-26,23,Junction_A,55,32,Low,26,Monday,0,1,False,Night,Low,False
2026-01-26,23,Junction_B,127,50,Low,26,Monday,0,1,False,Night,Low,False
2026-01-26,23,Junction_C,150,16,Medium,26,Monday,0,1,False,Night,Medium,False
2026-01-27,0,Junction_A,147,32,Medium,27,Tuesday,1,1,False,Night,Medium,False
2026-01-27,0,Junction_B,233,52,High,27,Tuesday,1,1,False,Night,High,False
2026-01-27,0,Junction_C,74,55,Low,27,Tuesday,1,1,False,Night,Low,False
2026-01-27,1,Junction_A,87,57,Low,27,Tuesday,1,1,False,Night,Low,False
2026-01-27,1,Junction_B,152,43,Medium,27,Tuesday,1,1,False,Night,Medium,False
2026-01-27,1,Junction_C,232,49,High,27,Tuesday,1,1,False,Night,High,False
2026-01-27,2,Junction_A,176,13,Medium,27,Tuesday,1,1,False,Night,Medium,False
2026-01-27,2,Junction_B,196,15,Medium,27,Tuesday,1,1,False,Night,Medium,False
2026-01-27,2,Junction_C,89,23,Low,27,Tuesday,1,1,False,Night,Low,False
2026-01-27,3,Junction_A,61,59,Low,27,Tuesday,1,1,False,Night,Low,False
2026-01-27,3,Junction_B,56,57,Low,27,Tuesday,1,1,False,Night,Low,False
2026-01-27,3,Junction_C,221,55,High,27,Tuesday,1,1,False,Night,High,False
2026-01-27,4,Junction_A,187,18,Medium,27,Tuesday,1,1,False,Night,Medium,False
2026-01-27,4,Junction_B,254,20,High,27,Tuesday,1,1,False,Night,High,True
2026-01-27,4,Junction_C,87,31,Low,27,Tuesday,1,1,False,Night,Low,False
2026-01-27,5,Junction_A,87,51,Low,27,Tuesday,1,1,False,Night,Low,False
2026-01-27,5,Junction_B,286,30,High,27,Tuesday,1,1,False,Night,High,True
2026-01-27,5,Junction_C,104,44,Low,27,Tuesday,1,1,False,Night,Low,False
2026-01-27,6,Junction_A,252,50,High,27,Tuesday,1,1,False,Morning,High,True
2026-01-27,6,Junction_B,300,40,High,27,Tuesday,1,1,False,Morning,High,True
2026-01-27,6,Junction_C,226,42,High,27,Tuesday,1,1,False,Morning,High,False
2026-01-27,7,Junction_A,248,24,High,27,Tuesday,1,1,False,Morning,High,True
2026-01-27,7,Junction_B,212,35,Medium,27,Tuesday,1,1,False,Morning,Medium,False
2026-01-27,7,Junction_C,161,18,Medium,27,Tuesday,1,1,False,Morning,Medium,False
2026-01-27,8,Junction_A,300,41,High,27,Tuesday,1,1,False,Morning,High,True
2026-01-27,8,Junction_B,288,56,High,27,Tuesday,1,1,False,Morning,High,True
2026-01-27,8,Junction_C,62,22,Low,27,Tuesday,1,1,False,Morning,Low,False
2026-01-27,9,Junction_A,172,43,Medium,27,Tuesday,1,1,False,Morning,Medium,False
2026-01-27,9,Junction_B,65,11,Low,27,Tuesday,1,1,False,Morning,Low,False
2026-01-27,9,Junction_C,89,58,Low,27,Tuesday,1,1,False,Morning,Low,False
2026-01-27,10,Junction_A,217,50,Medium,27,Tuesday,1,1,False,Morning,High,False
2026-01-27,10,Junction_B,163,18,Medium,27,Tuesday,1,1,False,Morning,Medium,False
2026-01-27,10,Junction_C,70,17,Low,27,Tuesday,1,1,False,Morning,Low,False
2026-01-27,11,Junction_A,167,32,Medium,27,Tuesday,1,1,False,Morning,Medium,False
2026-01-27,11,Junction_B,50,21,Low,27,Tuesday,1,1,False,Morning,Low,False
2026-01-27,11,Junction_C,212,12,Medium,27,Tuesday,1,1,False,Morning,Medium,False
2026-01-27,12,Junction_A,295,49,High,27,Tuesday,1,1,False,Afternoon,High,True
2026-01-27,12,Junction_B,220,12,Medium,27,Tuesday,1,1,False,Afternoon,High,False
2026-01-27,12,Junction_C,275,38,High,27,Tuesday,1,1,False,Afternoon,High,True
2026-01-27,13,Junction_A,59,55,Low,27,Tuesday,1,1,False,Afternoon,Low,False
2026-01-27,13,Junction_B,106,44,Low,27,Tuesday,1,1,False,Afternoon,Low,False
2026-01-27,13,Junction_C,278,17,High,27,Tuesday,1,1,False,Afternoon,High,True
2026-01-27,14,Junction_A,175,19,Medium,27,Tuesday,1,1,False,Afternoon,Medium,False
2026-01-27,14,Junction_B,107,60,Low,27,Tuesday,1,1,False,Afternoon,Low,False
2026-01-27,14,Junction_C,290,11,High,27,Tuesday,1,1,False,Afternoon,High,True
2026-01-27,15,Junction_A,64,16,Low,27,Tuesday,1,1,False,Afternoon,Low,False
2026-01-27,15,Junction_B,287,18,High,27,Tuesday,1,1,False,Afternoon,High,True
2026-01-27,15,Junction_C,80,33,Low,27,Tuesday,1,1,False,Afternoon,Low,False
2026-01-27,16,Junction_A,258,50,High,27,Tuesday,1,1,False,Afternoon,High,True
2026-01-27,16,Junction_B,271,48,High,27,Tuesday,1,1,False,Afternoon,High,True
2026-01-27,16,Junction_C,212,41,Medium,27,Tuesday,1,1,False,Afternoon,Medium,False
2026-01-27,17,Junction_A,219,26,Medium,27,Tuesday,1,1,False,Evening,High,False
2026-01-27,17,Junction_B,183,57,Medium,27,Tuesday,1,1,False,Evening,Medium,False
2026-01-27,17,Junction_C,65,50,Low,27,Tuesday,1,1,False,Evening,Low,False
2026-01-27,18,Junction_A,128,41,Low,27,Tuesday,1,1,False,Evening,Low,False
2026-01-27,18,Junction_B,149,37,Medium,27,Tuesday,1,1,False,Evening,Medium,False
2026-01-27,18,Junction_C,190,51,Medium,27,Tuesday,1,1,False,Evening,Medium,False
2026-01-27,19,Junction_A,231,14,High,27,Tuesday,1,1,False,Evening,High,False
2026-01-27,19,Junction_B,178,47,Medium,27,Tuesday,1,1,False,Evening,Medium,False
2026-01-27,19,Junction_C,214,19,Medium,27,Tuesday,1,1,False,Evening,High,False
2026-01-27,20,Junction_A,108,37,Low,27,Tuesday,1,1,False,Evening,Low,False
2026-01-27,20,Junction_B,291,27,High,27,Tuesday,1,1,False,Evening,High,True
2026-01-27,20,Junction_C,230,33,High,27,Tuesday,1,1,False,Evening,High,False
2026-01-27,21,Junction_A,142,34,Medium,27,Tuesday,1,1,False,Night,Medium,False
2026-01-27,21,Junction_B,203,60,Medium,27,Tuesday,1,1,False,Night,Medium,False
2026-01-27,21,Junction_C,264,47,High,27,Tuesday,1,1,False,Night,High,True
2026-01-27,22,Junction_A,203,25,Medium,27,Tuesday,1,1,False,Night,Medium,False
2026-01-27,22,Junction_B,277,16,High,27,Tuesday,1,1,False,Night,High,True
2026-01-27,22,Junction_C,75,10,Low,27,Tuesday,1,1,False,Night,Low,False
2026-01-27,23,Junction_A,157,26,Medium,27,Tuesday,1,1,False,Night,Medium,False
2026-01-27,23,Junction_B,229,47,High,27,Tuesday,1,1,False,Night,High,False
2026-01-27,23,Junction_C,129,23,Low,27,Tuesday,1,1,False,Night,Low,False
2026-01-28,0,Junction_A,221,43,High,28,Wednesday,2,1,False,Night,High,False
2026-01-28,0,Junction_B,242,59,High,28,Wednesday,2,1,False,Night,High,True
2026-01-28,0,Junction_C,260,52,High,28,Wednesday,2,1,False,Night,High,True
2026-01-28,1,Junction_A,295,13,High,28,Wednesday,2,1,False,Night,High,True
2026-01-28,1,Junction_B,185,47,Medium,28,Wednesday,2,1,False,Night,Medium,False
2026-01-28,1,Junction_C,121,57,Low,28,Wednesday,2,1,False,Night,Low,False
2026-01-28,2,Junction_A,90,31,Low,28,Wednesday,2,1,False,Night,Low,False
2026-01-28,2,Junction_B,155,51,Medium,28,Wednesday,2,1,False,Night,Medium,False
2026-01-28,2,Junction_C,198,18,Medium,28,Wednesday,2,1,False,Night,Medium,False
2026-01-28,3,Junction_A,181,30,Medium,28,Wednesday,2,1,False,Night,Medium,False
2026-01-28,3,Junction_B,167,40,Medium,28,Wednesday,2,1,False,Night,Medium,False
2026-01-28,3,Junction_C,219,14,Medium,28,Wednesday,2,1,False,Night,High,False
2026-01-28,4,Junction_A,249,47,High,28,Wednesday,2,1,False,Night,High,True
2026-01-28,4,Junction_B,189,42,Medium,28,Wednesday,2,1,False,Night,Medium,False
2026-01-28,4,Junction_C,148,57,Medium,28,Wednesday,2,1,False,Night,Medium,False
2026-01-28,5,Junction_A,271,45,High,28,Wednesday,2,1,False,Night,High,True
2026-01-28,5,Junction_B,240,56,High,28,Wednesday,2,1,False,Night,High,True
2026-01-28,5,Junction_C,109,42,Low,28,Wednesday,2,1,False,Night,Low,False
2026-01-28,6,Junction_A,131,40,Low,28,Wednesday,2,1,False,Morning,Low,False
2026-01-28,6,Junction_B,83,19,Low,28,Wednesday,2,1,False,Morning,Low,False
2026-01-28,6,Junction_C,296,30,High,28,Wednesday,2,1,False,Morning,High,True
2026-01-28,7,Junction_A,62,34,Low,28,Wednesday,2,1,False,Morning,Low,False
2026-01-28,7,Junction_B,215,17,Medium,28,Wednesday,2,1,False,Morning,High,False
2026-01-28,7,Junction_C,172,19,Medium,28,Wednesday,2,1,False,Morning,Medium,False
2026-01-28,8,Junction_A,210,14,Medium,28,Wednesday,2,1,False,Morning,Medium,False
2026-01-28,8,Junction_B,219,49,Medium,28,Wednesday,2,1,False,Morning,High,False
2026-01-28,8,Junction_C,236,35,High,28,Wednesday,2,1,False,Morning,High,True
2026-01-28,9,Junction_A,276,49,High,28,Wednesday,2,1,False,Morning,High,True
2026-01-28,9,Junction_B,223,31,High,28,Wednesday,2,1,False,Morning,High,False
2026-01-28,9,Junction_C,204,40,Medium,28,Wednesday,2,1,False,Morning,Medium,False
2026-01-28,10,Junction_A,76,27,Low,28,Wednesday,2,1,False,Morning,Low,False
2026-01-28,10,Junction_B,176,12,Medium,28,Wednesday,2,1,False,Morning,Medium,False
2026-01-28,10,Junction_C,196,34,Medium,28,Wednesday,2,1,False,Morning,Medium,False
2026-01-28,11,Junction_A,253,16,High,28,Wednesday,2,1,False,Morning,High,True
2026-01-28,11,Junction_B,242,25,High,28,Wednesday,2,1,False,Morning,High,True
2026-01-28,11,Junction_C,192,48,Medium,28,Wednesday,2,1,False,Morning,Medium,False
2026-01-28,12,Junction_A,200,53,Medium,28,Wednesday,2,1,False,Afternoon,Medium,False
2026-01-28,12,Junction_B,281,43,High,28,Wednesday,2,1,False,Afternoon,High,True
2026-01-28,12,Junction_C,105,17,Low,28,Wednesday,2,1,False,Afternoon,Low,False
2026-01-28,13,Junction_A,151,47,Medium,28,Wednesday,2,1,False,Afternoon,Medium,False
2026-01-28,13,Junction_B,115,11,Low,28,Wednesday,2,1,False,Afternoon,Low,False
2026-01-28,13,Junction_C,112,43,Low,28,Wednesday,2,1,False,Afternoon,Low,False
2026-01-28,14,Junction_A,211,23,Medium,28,Wednesday,2,1,False,Afternoon,Medium,False
2026-01-28,14,Junction_B,205,37,Medium,28,Wednesday,2,1,False,Afternoon,Medium,False
2026-01-28,14,Junction_C,52,17,Low,28,Wednesday,2,1,False,Afternoon,Low,False
2026-01-28,15,Junction_A,112,11,Low,28,Wednesday,2,1,False,Afternoon,Low,False
2026-01-28,15,Junction_B,60,27,Low,28,Wednesday,2,1,False,Afternoon,Low,False
2026-01-28,15,Junction_C,225,37,High,28,Wednesday,2,1,False,Afternoon,High,False
2026-01-28,16,Junction_A,248,56,High,28,Wednesday,2,1,False,Afternoon,High,True
2026-01-28,16,Junction_B,128,11,Low,28,Wednesday,2,1,False,Afternoon,Low,False
2026-01-28,16,Junction_C,96,47,Low,28,Wednesday,2,1,False,Afternoon,Low,False
2026-01-28,17,Junction_A,129,15,Low,28,Wednesday,2,1,False,Evening,Low,False
2026-01-28,17,Junction_B,95,32,Low,28,Wednesday,2,1,False,Evening,Low,False
2026-01-28,17,Junction_C,172,59,Medium,28,Wednesday,2,1,False,Evening,Medium,False
2026-01-28,18,Junction_A,209,39,Medium,28,Wednesday,2,1,False,Evening,Medium,False
2026-01-28,18,Junction_B,168,51,Medium,28,Wednesday,2,1,False,Evening,Medium,False
2026-01-28,18,Junction_C,228,31,High,28,Wednesday,2,1,False,Evening,High,False
2026-01-28,19,Junction_A,239,57,High,28,Wednesday,2,1,False,Evening,High,True
2026-01-28,19,Junction_B,167,40,Medium,28,Wednesday,2,1,False,Evening,Medium,False
2026-01-28,19,Junction_C,68,58,Low,28,Wednesday,2,1,False,Evening,Low,False
2026-01-28,20,Junction_A,115,35,Low,28,Wednesday,2,1,False,Evening,Low,False
2026-01-28,20,Junction_B,138,36,Low,28,Wednesday,2,1,False,Evening,Medium,False
2026-01-28,20,Junction_C,63,19,Low,28,Wednesday,2,1,False,Evening,Low,False
2026-01-28,21,Junction_A,238,55,High,28,Wednesday,2,1,False,Night,High,True
2026-01-28,21,Junction_B,251,48,High,28,Wednesday,2,1,False,Night,High,True
2026-01-28,21,Junction_C,210,13,Medium,28,Wednesday,2,1,False,Night,Medium,False
2026-01-28,22,Junction_A,117,55,Low,28,Wednesday,2,1,False,Night,Low,False
2026-01-28,22,Junction_B,218,42,Medium,28,Wednesday,2,1,False,Night,High,False
2026-01-28,22,Junction_C,132,20,Low,28,Wednesday,2,1,False,Night,Low,False
2026-01-28,23,Junction_A,257,42,High,28,Wednesday,2,1,False,Night,High,True
2026-01-28,23,Junction_B,68,51,Low,28,Wednesday,2,1,False,Night,Low,False
2026-01-28,23,Junction_C,75,37,Low,28,Wednesday,2,1,False,Night,Low,False
2026-01-29,0,Junction_A,208,30,Medium,29,Thursday,3,1,False,Night,Medium,False
2026-01-29,0,Junction_B,135,19,Low,29,Thursday,3,1,False,Night,Medium,False
2026-01-29,0,Junction_C,84,48,Low,29,Thursday,3,1,False,Night,Low,False
2026-01-29,1,Junction_A,252,36,High,29,Thursday,3,1,False,Night,High,True
2026-01-29,1,Junction_B,196,29,Medium,29,Thursday,3,1,False,Night,Medium,False
2026-01-29,1,Junction_C,54,33,Low,29,Thursday,3,1,False,Night,Low,False
2026-01-29,2,Junction_A,275,28,High,29,Thursday,3,1,False,Night,High,True
2026-01-29,2,Junction_B,76,56,Low,29,Thursday,3,1,False,Night,Low,False
2026-01-29,2,Junction_C,64,22,Low,29,Thursday,3,1,False,Night,Low,False
2026-01-29,3,Junction_A,289,11,High,29,Thursday,3,1,False,Night,High,True
2026-01-29,3,Junction_B,131,14,Low,29,Thursday,3,1,False,Night,Low,False
2026-01-29,3,Junction_C,150,15,Medium,29,Thursday,3,1,False,Night,Medium,False
2026-01-29,4,Junction_A,167,32,Medium,29,Thursday,3,1,False,Night,Medium,False
2026-01-29,4,Junction_B,95,46,Low,29,Thursday,3,1,False,Night,Low,False
2026-01-29,4,Junction_C,69,53,Low,29,Thursday,3,1,False,Night,Low,False
2026-01-29,5,Junction_A,247,15,High,29,Thursday,3,1,False,Night,High,True
2026-01-29,5,Junction_B,174,46,Medium,29,Thursday,3,1,False,Night,Medium,False
2026-01-29,5,Junction_C,245,11,High,29,Thursday,3,1,False,Night,High,True
2026-01-29,6,Junction_A,284,59,High,29,Thursday,3,1,False,Morning,High,True
2026-01-29,6,Junction_B,125,50,Low,29,Thursday,3,1,False,Morning,Low,False
2026-01-29,6,Junction_C,296,34,High,29,Thursday,3,1,False,Morning,High,True
2026-01-29,7,Junction_A,142,41,Medium,29,Thursday,3,1,False,Morning,Medium,False
2026-01-29,7,Junction_B,171,20,Medium,29,Thursday,3,1,False,Morning,Medium,False
2026-01-29,7,Junction_C,224,41,High,29,Thursday,3,1,False,Morning,High,False
2026-01-29,8,Junction_A,214,18,Medium,29,Thursday,3,1,False,Morning,High,False
2026-01-29,8,Junction_B,151,21,Medium,29,Thursday,3,1,False,Morning,Medium,False
2026-01-29,8,Junction_C,254,20,High,29,Thursday,3,1,False,Morning,High,True
2026-01-29,9,Junction_A,270,46,High,29,Thursday,3,1,False,Morning,High,True
2026-01-29,9,Junction_B,210,56,Medium,29,Thursday,3,1,False,Morning,Medium,False
2026-01-29,9,Junction_C,109,15,Low,29,Thursday,3,1,False,Morning,Low,False
2026-01-29,10,Junction_A,137,29,Low,29,Thursday,3,1,False,Morning,Medium,False
2026-01-29,10,Junction_B,275,23,High,29,Thursday,3,1,False,Morning,High,True
2026-01-29,10,Junction_C,225,50,High,29,Thursday,3,1,False,Morning,High,False
2026-01-29,11,Junction_A,58,49,Low,29,Thursday,3,1,False,Morning,Low,False
2026-01-29,11,Junction_B,234,60,High,29,Thursday,3,1,False,Morning,High,False
2026-01-29,11,Junction_C,195,29,Medium,29,Thursday,3,1,False,Morning,Medium,False
2026-01-29,12,Junction_A,248,13,High,29,Thursday,3,1,False,Afternoon,High,True
2026-01-29,12,Junction_B,55,23,Low,29,Thursday,3,1,False,Afternoon,Low,False
2026-01-29,12,Junction_C,249,27,High,29,Thursday,3,1,False,Afternoon,High,True
2026-01-29,13,Junction_A,278,45,High,29,Thursday,3,1,False,Afternoon,High,True
2026-01-29,13,Junction_B,218,21,Medium,29,Thursday,3,1,False,Afternoon,High,False
2026-01-29,13,Junction_C,124,22,Low,29,Thursday,3,1,False,Afternoon,Low,False
2026-01-29,14,Junction_A,245,20,High,29,Thursday,3,1,False,Afternoon,High,True
2026-01-29,14,Junction_B,239,36,High,29,Thursday,3,1,False,Afternoon,High,True
2026-01-29,14,Junction_C,284,46,High,29,Thursday,3,1,False,Afternoon,High,True
2026-01-29,15,Junction_A,134,54,Low,29,Thursday,3,1,False,Afternoon,Medium,False
2026-01-29,15,Junction_B,100,18,Low,29,Thursday,3,1,False,Afternoon,Low,False
2026-01-29,15,Junction_C,292,22,High,29,Thursday,3,1,False,Afternoon,High,True
2026-01-29,16,Junction_A,120,54,Low,29,Thursday,3,1,False,Afternoon,Low,False
2026-01-29,16,Junction_B,130,18,Low,29,Thursday,3,1,False,Afternoon,Low,False
2026-01-29,16,Junction_C,113,10,Low,29,Thursday,3,1,False,Afternoon,Low,False
2026-01-29,17,Junction_A,79,23,Low,29,Thursday,3,1,False,Evening,Low,False
2026-01-29,17,Junction_B,251,47,High,29,Thursday,3,1,False,Evening,High,True
2026-01-29,17,Junction_C,53,21,Low,29,Thursday,3,1,False,Evening,Low,False
2026-01-29,18,Junction_A,158,11,Medium,29,Thursday,3,1,False,Evening,Medium,False
2026-01-29,18,Junction_B,294,16,High,29,Thursday,3,1,False,Evening,High,True
2026-01-29,18,Junction_C,96,37,Low,29,Thursday,3,1,False,Evening,Low,False
2026-01-29,19,Junction_A,217,10,Medium,29,Thursday,3,1,False,Evening,High,False
2026-01-29,19,Junction_B,248,15,High,29,Thursday,3,1,False,Evening,High,True
2026-01-29,19,Junction_C,72,27,Low,29,Thursday,3,1,False,Evening,Low,False
2026-01-29,20,Junction_A,156,35,Medium,29,Thursday,3,1,False,Evening,Medium,False
2026-01-29,20,Junction_B,115,39,Low,29,Thursday,3,1,False,Evening,Low,False
2026-01-29,20,Junction_C,266,52,High,29,Thursday,3,1,False,Evening,High,True
2026-01-29,21,Junction_A,106,29,Low,29,Thursday,3,1,False,Night,Low,False
2026-01-29,21,Junction_B,123,31,Low,29,Thursday,3,1,False,Night,Low,False
2026-01-29,21,Junction_C,202,35,Medium,29,Thursday,3,1,False,Night,Medium,False
2026-01-29,22,Junction_A,156,33,Medium,29,Thursday,3,1,False,Night,Medium,False
2026-01-29,22,Junction_B,257,37,High,29,Thursday,3,1,False,Night,High,True
2026-01-29,22,Junction_C,187,21,Medium,29,Thursday,3,1,False,Night,Medium,False
2026-01-29,23,Junction_A,120,39,Low,29,Thursday,3,1,False,Night,Low,False
2026-01-29,23,Junction_B,256,10,High,29,Thursday,3,1,False,Night,High,True
2026-01-29,23,Junction_C,221,35,High,29,Thursday,3,1,False,Night,High,False
2026-01-30,0,Junction_A,190,43,Medium,30,Friday,4,1,False,Night,Medium,False
2026-01-30,0,Junction_B,190,56,Medium,30,Friday,4,1,False,Night,Medium,False
2026-01-30,0,Junction_C,110,56,Low,30,Friday,4,1,False,Night,Low,False
2026-01-30,1,Junction_A,123,35,Low,30,Friday,4,1,False,Night,Low,False
2026-01-30,1,Junction_B,77,47,Low,30,Friday,4,1,False,Night,Low,False
2026-01-30,1,Junction_C,117,36,Low,30,Friday,4,1,False,Night,Low,False
2026-01-30,2,Junction_A,129,12,Low,30,Friday,4,1,False,Night,Low,False
2026-01-30,2,Junction_B,162,42,Medium,30,Friday,4,1,False,Night,Medium,False
2026-01-30,2,Junction_C,82,19,Low,30,Friday,4,1,False,Night,Low,False
2026-01-30,3,Junction_A,115,40,Low,30,Friday,4,1,False,Night,Low,False
2026-01-30,3,Junction_B,285,21,High,30,Friday,4,1,False,Night,High,True
2026-01-30,3,Junction_C,140,37,Low,30,Friday,4,1,False,Night,Medium,False
2026-01-30,4,Junction_A,163,15,Medium,30,Friday,4,1,False,Night,Medium,False
2026-01-30,4,Junction_B,195,13,Medium,30,Friday,4,1,False,Night,Medium,False
2026-01-30,4,Junction_C,234,13,High,30,Friday,4,1,False,Night,High,False
2026-01-30,5,Junction_A,222,20,High,30,Friday,4,1,False,Night,High,False
2026-01-30,5,Junction_B,146,46,Medium,30,Friday,4,1,False,Night,Medium,False
2026-01-30,5,Junction_C,219,44,Medium,30,Friday,4,1,False,Night,High,False
2026-01-30,6,Junction_A,127,19,Low,30,Friday,4,1,False,Morning,Low,False
2026-01-30,6,Junction_B,156,32,Medium,30,Friday,4,1,False,Morning,Medium,False
2026-01-30,6,Junction_C,287,59,High,30,Friday,4,1,False,Morning,High,True
2026-01-30,7,Junction_A,204,18,Medium,30,Friday,4,1,False,Morning,Medium,False
2026-01-30,7,Junction_B,143,12,Medium,30,Friday,4,1,False,Morning,Medium,False
2026-01-30,7,Junction_C,273,49,High,30,Friday,4,1,False,Morning,High,True
2026-01-30,8,Junction_A,206,34,Medium,30,Friday,4,1,False,Morning,Medium,False
2026-01-30,8,Junction_B,160,37,Medium,30,Friday,4,1,False,Morning,Medium,False
2026-01-30,8,Junction_C,298,16,High,30,Friday,4,1,False,Morning,High,True
2026-01-30,9,Junction_A,300,28,High,30,Friday,4,1,False,Morning,High,True
2026-01-30,9,Junction_B,91,12,Low,30,Friday,4,1,False,Morning,Low,False
2026-01-30,9,Junction_C,280,10,High,30,Friday,4,1,False,Morning,High,True
2026-01-30,10,Junction_A,206,40,Medium,30,Friday,4,1,False,Morning,Medium,False
2026-01-30,10,Junction_B,213,52,Medium,30,Friday,4,1,False,Morning,Medium,False
2026-01-30,10,Junction_C,130,56,Low,30,Friday,4,1,False,Morning,Low,False
2026-01-30,11,Junction_A,185,11,Medium,30,Friday,4,1,False,Morning,Medium,False
2026-01-30,11,Junction_B,147,36,Medium,30,Friday,4,1,False,Morning,Medium,False
2026-01-30,11,Junction_C,161,35,Medium,30,Friday,4,1,False,Morning,Medium,False
2026-01-30,12,Junction_A,179,52,Medium,30,Friday,4,1,False,Afternoon,Medium,False
2026-01-30,12,Junction_B,263,31,High,30,Friday,4,1,False,Afternoon,High,True
2026-01-30,12,Junction_C,68,43,Low,30,Friday,4,1,False,Afternoon,Low,False
2026-01-30,13,Junction_A,83,18,Low,30,Friday,4,1,False,Afternoon,Low,False
2026-01-30,13,Junction_B,203,52,Medium,30,Friday,4,1,False,Afternoon,Medium,False
2026-01-30,13,Junction_C,266,48,High,30,Friday,4,1,False,Afternoon,High,True
2026-01-30,14,Junction_A,216,45,Medium,30,Friday,4,1,False,Afternoon,High,False
2026-01-30,14,Junction_B,299,31,High,30,Friday,4,1,False,Afternoon,High,True
2026-01-30,14,Junction_C,291,31,High,30,Friday,4,1,False,Afternoon,High,True
2026-01-30,15,Junction_A,175,16,Medium,30,Friday,4,1,False,Afternoon,Medium,False
2026-01-30,15,Junction_B,107,46,Low,30,Friday,4,1,False,Afternoon,Low,False
2026-01-30,15,Junction_C,116,41,Low,30,Friday,4,1,False,Afternoon,Low,False
2026-01-30,16,Junction_A,173,21,Medium,30,Friday,4,1,False,Afternoon,Medium,False
2026-01-30,16,Junction_B,227,28,High,30,Friday,4,1,False,Afternoon,High,False
2026-01-30,16,Junction_C,172,15,Medium,30,Friday,4,1,False,Afternoon,Medium,False
2026-01-30,17,Junction_A,87,11,Low,30,Friday,4,1,False,Evening,Low,False
2026-01-30,17,Junction_B,82,58,Low,30,Friday,4,1,False,Evening,Low,False
2026-01-30,17,Junction_C,77,23,Low,30,Friday,4,1,False,Evening,Low,False
2026-01-30,18,Junction_A,168,18,Medium,30,Friday,4,1,False,Evening,Medium,False
2026-01-30,18,Junction_B,286,38,High,30,Friday,4,1,False,Evening,High,True
2026-01-30,18,Junction_C,67,54,Low,30,Friday,4,1,False,Evening,Low,False
2026-01-30,19,Junction_A,257,41,High,30,Friday,4,1,False,Evening,High,True
2026-01-30,19,Junction_B,127,35,Low,30,Friday,4,1,False,Evening,Low,False
2026-01-30,19,Junction_C,230,30,High,30,Friday,4,1,False,Evening,High,False
2026-01-30,20,Junction_A,271,12,High,30,Friday,4,1,False,Evening,High,True
2026-01-30,20,Junction_B,113,51,Low,30,Friday,4,1,False,Evening,Low,False
2026-01-30,20,Junction_C,294,53,High,30,Friday,4,1,False,Evening,High,True
2026-01-30,21,Junction_A,164,54,Medium,30,Friday,4,1,False,Night,Medium,False
2026-01-30,21,Junction_B,241,29,High,30,Friday,4,1,False,Night,High,True
2026-01-30,21,Junction_C,147,60,Medium,30,Friday,4,1,False,Night,Medium,False
2026-01-30,22,Junction_A,236,46,High,30,Friday,4,1,False,Night,High,True
2026-01-30,22,Junction_B,300,17,High,30,Friday,4,1,False,Night,High,True
2026-01-30,22,Junction_C,76,52,Low,30,Friday,4,1,False,Night,Low,False
2026-01-30,23,Junction_A,93,41,Low,30,Friday,4,1,False,Night,Low,False
2026-01-30,23,Junction_B,114,32,Low,30,Friday,4,1,False,Night,Low,False
2026-01-30,23,Junction_C,74,47,Low,30,Friday,4,1,False,Night,Low,False
